open_time,open,high,low,close,volume,close_time,quote asset volume,num_trades,taker_base_vol,taker_quote_vol,ignore
2021-01-05 23:00:00,34183.43000000,34261.26000000,34183.43000000,34245.81000000,71.60028200,2021-01-05 23:00:59.999,2450598.22750712,1460,43.32434200,1482815.24174889,0
2021-01-05 23:01:00,34245.81000000,34284.91000000,34241.43000000,34267.52000000,60.82471000,2021-01-05 23:01:59.999,2084175.11194058,1182,34.99287000,1199072.68363530,0
2021-01-05 23:02:00,34269.24000000,34270.44000000,34211.45000000,34218.30000000,53.36883300,2021-01-05 23:02:59.999,1827216.15739279,966,20.99240100,718650.48325969,0
2021-01-05 23:03:00,34218.29000000,34235.10000000,34106.40000000,34160.25000000,109.32114500,2021-01-05 23:03:59.999,3738786.69728464,1461,26.16696400,894743.52866389,0
2021-01-05 23:04:00,34160.25000000,34167.48000000,34112.86000000,34125.88000000,79.41118500,2021-01-05 23:04:59.999,2710820.19464394,1359,26.28712800,897396.74091393,0
2021-01-05 23:05:00,34125.88000000,34125.89000000,33883.35000000,34065.94000000,240.92283700,2021-01-05 23:05:59.999,8196530.12314693,4656,82.29433200,2797950.13042256,0
2021-01-05 23:06:00,34065.94000000,34077.00000000,33962.30000000,33990.22000000,93.66186800,2021-01-05 23:06:59.999,3184330.52229881,1849,54.25302600,1844460.55105621,0
2021-01-05 23:07:00,33994.06000000,34061.80000000,33975.00000000,34026.34000000,104.66375000,2021-01-05 23:07:59.999,3561031.41013109,1577,80.60663500,2742630.99455426,0
2021-01-05 23:08:00,34026.33000000,34168.13000000,34025.08000000,34148.82000000,77.78343000,2021-01-05 23:08:59.999,2652135.05903250,1789,29.63618600,1010517.42470617,0
2021-01-05 23:09:00,34148.81000000,34150.88000000,34090.01000000,34133.46000000,59.46261100,2021-01-05 23:09:59.999,2028392.83676831,1013,23.00674900,784911.21555234,0
2021-01-05 23:10:00,34133.45000000,34138.54000000,34080.59000000,34097.83000000,55.51187100,2021-01-05 23:10:59.999,1893734.56320735,1121,24.00825800,819121.57537751,0
2021-01-05 23:11:00,34097.84000000,34112.73000000,34060.30000000,34069.32000000,29.01563100,2021-01-05 23:11:59.999,989122.58567202,913,14.42333100,491634.79141309,0
2021-01-05 23:12:00,34067.10000000,34129.65000000,34052.63000000,34107.04000000,40.98048300,2021-01-05 23:12:59.999,1396739.14996675,976,26.84663400,914930.88088301,0
2021-01-05 23:13:00,34106.10000000,34176.00000000,34055.06000000,34055.06000000,53.02939600,2021-01-05 23:13:59.999,1809567.95825470,1279,26.62972900,909054.81928257,0
2021-01-05 23:14:00,34071.42000000,34099.79000000,34031.58000000,34040.55000000,48.00936500,2021-01-05 23:14:59.999,1635479.77416285,1043,23.17829600,789642.14714506,0
2021-01-05 23:15:00,34040.54000000,34070.72000000,33993.00000000,33994.31000000,61.26103900,2021-01-05 23:15:59.999,2085497.12915173,1252,31.71163800,1079663.36471636,0
2021-01-05 23:16:00,33994.30000000,34022.90000000,33863.97000000,33931.27000000,103.61907900,2021-01-05 23:16:59.999,3516993.96300252,2539,43.21039400,1467128.56128532,0
2021-01-05 23:17:00,33931.26000000,33954.61000000,33685.00000000,33825.15000000,178.16659700,2021-01-05 23:17:59.999,6026051.50972048,3790,82.39451200,2787775.08303617,0
2021-01-05 23:18:00,33806.40000000,33824.42000000,33650.00000000,33734.69000000,186.52765900,2021-01-05 23:18:59.999,6290794.01797891,3432,96.24337300,3246261.29123123,0
2021-01-05 23:19:00,33740.09000000,33849.70000000,33722.34000000,33842.50000000,132.72011200,2021-01-05 23:19:59.999,4482640.28567511,2117,62.89266200,2124248.78872763,0
2021-01-05 23:20:00,33842.50000000,34000.00000000,33743.09000000,33951.69000000,124.75185600,2021-01-05 23:20:59.999,4225403.37383741,2716,58.59613900,1985735.86190913,0
2021-01-05 23:21:00,33951.70000000,33968.16000000,33818.44000000,33836.25000000,107.35475200,2021-01-05 23:21:59.999,3635470.23853122,1746,41.86496900,1417149.03806059,0
2021-01-05 23:22:00,33836.25000000,33898.05000000,33795.66000000,33861.89000000,111.10072100,2021-01-05 23:22:59.999,3760171.44284776,1723,41.79018000,1414265.32282185,0
2021-01-05 23:23:00,33862.91000000,33899.98000000,33816.20000000,33824.42000000,44.22967100,2021-01-05 23:23:59.999,1497911.26783797,1130,23.02252500,779766.09166570,0
2021-01-05 23:24:00,33824.05000000,33857.76000000,33680.00000000,33705.93000000,141.69983600,2021-01-05 23:24:59.999,4782301.73429530,2369,69.00047800,2328443.33618484,0
2021-01-05 23:25:00,33705.94000000,33773.23000000,33680.01000000,33747.32000000,126.97332300,2021-01-05 23:25:59.999,4281824.75731311,1658,59.19243600,1996192.69097438,0
2021-01-05 23:26:00,33746.67000000,33856.95000000,33713.23000000,33845.42000000,54.23998800,2021-01-05 23:26:59.999,1832936.83760381,1525,31.07302600,1049999.75855199,0
2021-01-05 23:27:00,33839.97000000,33874.06000000,33817.63000000,33845.66000000,47.04861200,2021-01-05 23:27:59.999,1592228.47433154,1213,29.55574500,1000236.02606014,0
2021-01-05 23:28:00,33845.66000000,33845.67000000,33723.94000000,33811.29000000,61.64240500,2021-01-05 23:28:59.999,2082674.42061992,1292,26.59321300,898399.16011057,0
2021-01-05 23:29:00,33811.72000000,33837.74000000,33778.69000000,33828.62000000,32.24454000,2021-01-05 23:29:59.999,1089974.31508979,824,12.60744300,426188.72392689,0
2021-01-05 23:30:00,33828.61000000,33900.00000000,33828.61000000,33865.02000000,84.46793400,2021-01-05 23:30:59.999,2861155.69508043,1405,29.16619900,987947.50796035,0
2021-01-05 23:31:00,33865.02000000,33950.00000000,33863.87000000,33919.70000000,65.21800800,2021-01-05 23:31:59.999,2210763.62060352,1291,29.34381100,994975.76533861,0
2021-01-05 23:32:00,33919.70000000,33922.45000000,33830.67000000,33867.95000000,80.82783800,2021-01-05 23:32:59.999,2737814.03542548,1271,27.32105800,925129.36125081,0
2021-01-05 23:33:00,33867.95000000,33898.37000000,33830.73000000,33873.48000000,74.76601800,2021-01-05 23:33:59.999,2532127.79025008,1227,29.55619800,1000927.03771891,0
2021-01-05 23:34:00,33873.49000000,33879.36000000,33850.00000000,33851.67000000,78.38418400,2021-01-05 23:34:59.999,2654418.84092649,1126,36.44677600,1234162.13657440,0
2021-01-05 23:35:00,33851.68000000,33933.58000000,33851.33000000,33932.89000000,72.79751200,2021-01-05 23:35:59.999,2466494.73128638,1188,42.09114200,1426299.57855758,0
2021-01-05 23:36:00,33932.89000000,33962.46000000,33896.82000000,33921.06000000,94.76867300,2021-01-05 23:36:59.999,3215642.69186048,1546,38.10434600,1293038.72125630,0
2021-01-05 23:37:00,33922.46000000,33933.91000000,33856.11000000,33872.53000000,85.82876800,2021-01-05 23:37:59.999,2908995.81772688,1460,30.84083900,1045192.72391799,0
2021-01-05 23:38:00,33872.53000000,33917.00000000,33852.40000000,33906.60000000,67.50715900,2021-01-05 23:38:59.999,2287342.62618050,1303,31.10198800,1053660.49619221,0
2021-01-05 23:39:00,33906.61000000,33955.30000000,33902.02000000,33950.01000000,71.40294000,2021-01-05 23:39:59.999,2422577.99901670,1454,35.03274100,1188515.12211970,0
2021-01-05 23:40:00,33950.00000000,33953.88000000,33899.94000000,33916.92000000,81.35526500,2021-01-05 23:40:59.999,2759838.06009982,1225,33.02511100,1120116.93679638,0
2021-01-05 23:41:00,33916.93000000,33942.99000000,33908.66000000,33923.18000000,51.25031300,2021-01-05 23:41:59.999,1738640.84517184,968,17.76859600,602759.94447017,0
2021-01-05 23:42:00,33923.18000000,33976.92000000,33873.96000000,33976.92000000,75.37785400,2021-01-05 23:42:59.999,2556174.60978446,1456,34.63501800,1174494.56602623,0
2021-01-05 23:43:00,33976.92000000,33983.63000000,33943.22000000,33967.02000000,51.38121700,2021-01-05 23:43:59.999,1745206.76288294,904,22.36439600,759534.15966738,0
2021-01-05 23:44:00,33967.03000000,33977.91000000,33878.49000000,33878.49000000,40.36178200,2021-01-05 23:44:59.999,1369328.12445271,1002,16.48933600,559468.22150753,0
2021-01-05 23:45:00,33877.62000000,33888.07000000,33736.89000000,33750.69000000,91.99783100,2021-01-05 23:45:59.999,3110484.84848908,1904,30.85059800,1043032.44301937,0
2021-01-05 23:46:00,33750.69000000,33793.21000000,33702.88000000,33740.01000000,81.97391300,2021-01-05 23:46:59.999,2766573.24933592,1731,40.61411100,1370834.29509052,0
2021-01-05 23:47:00,33740.00000000,33794.45000000,33728.96000000,33794.45000000,58.06454800,2021-01-05 23:47:59.999,1959937.15049969,1152,21.73619100,733730.92500190,0
2021-01-05 23:48:00,33794.24000000,33958.58000000,33794.24000000,33943.90000000,79.56320000,2021-01-05 23:48:59.999,2695456.86807436,1836,43.55444500,1475272.66261425,0
2021-01-05 23:49:00,33943.90000000,34040.37000000,33943.90000000,34019.85000000,92.64371800,2021-01-05 23:49:59.999,3149482.05116740,1916,50.94109800,1731706.23043744,0
2021-01-05 23:50:00,34019.84000000,34050.00000000,33997.22000000,34025.24000000,64.66542900,2021-01-05 23:50:59.999,2200246.25962050,1082,22.26642600,757628.77724572,0
2021-01-05 23:51:00,34025.24000000,34026.38000000,33983.33000000,34000.04000000,62.03808600,2021-01-05 23:51:59.999,2109446.67313734,1161,13.69909300,465770.09913875,0
2021-01-05 23:52:00,34000.03000000,34062.00000000,34000.03000000,34026.09000000,38.99220200,2021-01-05 23:52:59.999,1327302.37322952,906,15.27168500,519844.06248773,0
2021-01-05 23:53:00,34021.44000000,34026.56000000,33930.45000000,33968.02000000,98.86668100,2021-01-05 23:53:59.999,3359249.90606863,1399,26.00618600,883384.36907854,0
2021-01-05 23:54:00,33968.03000000,34012.62000000,33967.99000000,33994.23000000,35.60443600,2021-01-05 23:54:59.999,1210310.84334522,822,15.23099200,517713.56186246,0
2021-01-05 23:55:00,33994.23000000,34007.42000000,33972.78000000,33978.13000000,52.13346500,2021-01-05 23:55:59.999,1772104.96827771,810,11.62376100,395140.30646564,0
2021-01-05 23:56:00,33978.13000000,33997.18000000,33898.41000000,33901.47000000,61.46653100,2021-01-05 23:56:59.999,2087177.82803759,1188,18.46432000,627151.53720043,0
2021-01-05 23:57:00,33901.47000000,33915.86000000,33852.94000000,33874.61000000,65.79322500,2021-01-05 23:57:59.999,2229262.49755792,1282,28.29565000,958577.65323179,0
2021-01-05 23:58:00,33874.61000000,33915.29000000,33862.15000000,33902.19000000,74.00884300,2021-01-05 23:58:59.999,2508212.85929979,1133,31.71984300,1074859.91616404,0
2021-01-05 23:59:00,33902.13000000,33967.50000000,33893.06000000,33949.53000000,63.03148100,2021-01-05 23:59:59.999,2138925.06734736,974,21.05616400,714603.35137761,0
2021-01-06 00:00:00,33949.53000000,34062.00000000,33949.53000000,34035.20000000,114.56378800,2021-01-06 00:00:59.999,3896924.97431933,2484,67.15242100,2284068.30012280,0
2021-01-06 00:01:00,34035.20000000,34107.59000000,34031.65000000,34047.59000000,101.96968800,2021-01-06 00:01:59.999,3474322.20602296,2026,38.65789200,1317179.42014340,0
2021-01-06 00:02:00,34047.60000000,34068.18000000,34012.80000000,34012.81000000,56.22763900,2021-01-06 00:02:59.999,1914119.95749127,1238,20.04288200,682300.04650160,0
2021-01-06 00:03:00,34012.82000000,34027.11000000,33949.76000000,33953.85000000,73.16653100,2021-01-06 00:03:59.999,2487316.24785048,1237,28.88003500,981656.03151885,0
2021-01-06 00:04:00,33953.85000000,33965.10000000,33820.00000000,33830.12000000,110.20669900,2021-01-06 00:04:59.999,3733492.10995569,1917,43.43708600,1471452.84607318,0
2021-01-06 00:05:00,33828.23000000,33898.20000000,33788.00000000,33810.93000000,61.03637100,2021-01-06 00:05:59.999,2065675.47679353,1476,16.61867600,562602.94304790,0
2021-01-06 00:06:00,33810.93000000,33854.17000000,33777.00000000,33800.00000000,97.62366200,2021-01-06 00:06:59.999,3300875.03152542,1622,46.89644200,1585632.14706536,0
2021-01-06 00:07:00,33800.00000000,33800.01000000,33705.32000000,33714.62000000,108.79835600,2021-01-06 00:07:59.999,3671762.27905880,1959,49.41793800,1667948.22147065,0
2021-01-06 00:08:00,33714.61000000,33781.00000000,33700.00000000,33707.37000000,170.47516400,2021-01-06 00:08:59.999,5747797.29152791,2055,63.60807800,2145386.94564605,0
2021-01-06 00:09:00,33701.70000000,33702.40000000,33500.00000000,33609.74000000,351.13742900,2021-01-06 00:09:59.999,11799371.08543053,5689,116.89130900,3924414.12639301,0
2021-01-06 00:10:00,33610.99000000,33734.99000000,33575.28000000,33721.23000000,141.04393900,2021-01-06 00:10:59.999,4749555.15036460,3012,65.01278000,2189086.29429357,0
2021-01-06 00:11:00,33725.97000000,33825.32000000,33710.00000000,33797.11000000,91.68239500,2021-01-06 00:11:59.999,3097319.98895245,2110,46.64827900,1576144.07586084,0
2021-01-06 00:12:00,33797.11000000,33819.97000000,33738.00000000,33773.28000000,87.45937100,2021-01-06 00:12:59.999,2954660.31140253,1550,30.51944300,1030961.87164815,0
2021-01-06 00:13:00,33773.27000000,33800.00000000,33751.05000000,33786.77000000,52.32497800,2021-01-06 00:13:59.999,1767438.45436139,1036,18.55589000,626803.08781417,0
2021-01-06 00:14:00,33786.76000000,33819.96000000,33749.92000000,33804.05000000,103.59900300,2021-01-06 00:14:59.999,3500579.82917574,1273,44.99545700,1520465.05073251,0
2021-01-06 00:15:00,33804.06000000,33809.49000000,33690.59000000,33706.05000000,132.52711300,2021-01-06 00:15:59.999,4467722.46460433,1494,41.34447900,1394251.53884289,0
2021-01-06 00:16:00,33706.05000000,33706.05000000,33544.18000000,33610.12000000,127.65152400,2021-01-06 00:16:59.999,4291756.80054448,2433,48.98064400,1646669.86914535,0
2021-01-06 00:17:00,33610.12000000,33646.56000000,33550.01000000,33625.41000000,108.60765500,2021-01-06 00:17:59.999,3649275.52818993,1706,50.06743800,1682304.97354413,0
2021-01-06 00:18:00,33625.42000000,33702.76000000,33560.00000000,33573.79000000,102.10289000,2021-01-06 00:18:59.999,3434133.76708731,1737,36.66085000,1233141.36150460,0
2021-01-06 00:19:00,33573.78000000,33626.05000000,33500.00000000,33618.78000000,145.61277000,2021-01-06 00:19:59.999,4884701.75091846,2151,72.63637300,2436994.12517447,0
2021-01-06 00:20:00,33618.78000000,33624.85000000,33500.00000000,33500.01000000,86.71209900,2021-01-06 00:20:59.999,2909161.31436773,1448,35.65085300,1196102.79024925,0
2021-01-06 00:21:00,33500.01000000,33563.19000000,33402.00000000,33477.50000000,285.76989600,2021-01-06 00:21:59.999,9565306.26763994,3561,104.04514100,3481359.35865029,0
2021-01-06 00:22:00,33477.48000000,33515.51000000,33288.00000000,33498.75000000,347.93112300,2021-01-06 00:22:59.999,11623015.05133894,4602,139.24575100,4652593.07639152,0
2021-01-06 00:23:00,33498.74000000,33498.74000000,33288.00000000,33338.46000000,371.96508600,2021-01-06 00:23:59.999,12426063.43676821,3081,50.35017400,1681636.12930916,0
2021-01-06 00:24:00,33344.77000000,33496.45000000,33344.77000000,33416.53000000,146.88083500,2021-01-06 00:24:59.999,4912527.43850293,2384,69.61807500,2328002.65298224,0
2021-01-06 00:25:00,33418.17000000,33522.71000000,33413.03000000,33496.36000000,103.40927600,2021-01-06 00:25:59.999,3462791.78877973,1726,47.85666300,1602457.99073495,0
2021-01-06 00:26:00,33496.34000000,33573.81000000,33492.47000000,33516.74000000,184.73456600,2021-01-06 00:26:59.999,6193169.66707607,1977,108.30955200,3629932.66921060,0
2021-01-06 00:27:00,33516.74000000,33528.30000000,33457.50000000,33514.32000000,60.02519400,2021-01-06 00:27:59.999,2010435.77993763,1112,35.82094400,1199762.76657912,0
2021-01-06 00:28:00,33514.32000000,33514.32000000,33437.65000000,33500.51000000,60.15716200,2021-01-06 00:28:59.999,2013869.41911994,1179,20.52712700,687306.59036156,0
2021-01-06 00:29:00,33499.33000000,33662.79000000,33499.33000000,33625.74000000,104.76483800,2021-01-06 00:29:59.999,3519337.60748869,2084,63.38205900,2128494.91874760,0
2021-01-06 00:30:00,33625.74000000,33682.12000000,33613.58000000,33682.11000000,74.76957800,2021-01-06 00:30:59.999,2515933.78436683,1438,33.26175400,1119199.90821449,0
2021-01-06 00:31:00,33682.11000000,33811.91000000,33678.00000000,33743.75000000,168.94942600,2021-01-06 00:31:59.999,5701419.04040178,2882,105.31011600,3553737.79305188,0
2021-01-06 00:32:00,33743.75000000,33790.03000000,33735.56000000,33739.78000000,74.43433500,2021-01-06 00:32:59.999,2512680.17789779,1186,20.64516200,696893.11309275,0
2021-01-06 00:33:00,33739.68000000,33788.92000000,33710.50000000,33762.89000000,96.03957700,2021-01-06 00:33:59.999,3240518.07133502,1467,36.23074000,1222866.24208216,0
2021-01-06 00:34:00,33762.89000000,33769.24000000,33725.33000000,33763.18000000,59.78825300,2021-01-06 00:34:59.999,2017670.34151657,1020,18.69532900,630928.19954707,0
2021-01-06 00:35:00,33762.15000000,33769.00000000,33670.60000000,33702.76000000,63.63240500,2021-01-06 00:35:59.999,2145153.50768530,1221,17.05530800,575014.58185488,0
2021-01-06 00:36:00,33702.06000000,33778.03000000,33695.83000000,33749.42000000,42.61250300,2021-01-06 00:36:59.999,1437703.12640030,986,22.65664600,764556.72330481,0
2021-01-06 00:37:00,33749.43000000,33774.52000000,33717.82000000,33763.63000000,38.81537100,2021-01-06 00:37:59.999,1310028.09390898,948,14.47886600,488665.15774631,0
2021-01-06 00:38:00,33763.63000000,33818.82000000,33763.63000000,33780.01000000,70.80881600,2021-01-06 00:38:59.999,2392499.42028584,1192,43.02273300,1453715.15301270,0
2021-01-06 00:39:00,33783.60000000,33838.74000000,33754.64000000,33806.12000000,45.98027900,2021-01-06 00:39:59.999,1554083.93099643,1295,19.79912000,669371.83201010,0
2021-01-06 00:40:00,33806.47000000,33881.11000000,33802.09000000,33854.64000000,63.53234100,2021-01-06 00:40:59.999,2149910.54782648,1553,44.72884900,1513635.23340109,0
2021-01-06 00:41:00,33854.64000000,33854.64000000,33813.54000000,33829.95000000,54.85908700,2021-01-06 00:41:59.999,1855820.53222777,1040,20.09492800,679755.82717410,0
2021-01-06 00:42:00,33829.95000000,33829.96000000,33769.32000000,33783.72000000,60.19033500,2021-01-06 00:42:59.999,2034525.33613070,1133,19.09260800,645314.27768288,0
2021-01-06 00:43:00,33783.73000000,33867.17000000,33783.73000000,33856.98000000,30.36895500,2021-01-06 00:43:59.999,1027684.05178587,949,15.58027600,527195.43572179,0
2021-01-06 00:44:00,33856.98000000,33859.51000000,33815.50000000,33815.52000000,40.29976800,2021-01-06 00:44:59.999,1364021.97486416,810,9.16232500,310034.24452401,0
2021-01-06 00:45:00,33815.52000000,33850.00000000,33802.56000000,33828.15000000,37.12134000,2021-01-06 00:45:59.999,1255790.01832959,796,16.15641500,546607.38665262,0
2021-01-06 00:46:00,33827.26000000,33827.26000000,33771.50000000,33793.43000000,43.76520600,2021-01-06 00:46:59.999,1479264.38722497,969,20.82371700,703781.96692626,0
2021-01-06 00:47:00,33793.39000000,33840.00000000,33793.33000000,33817.75000000,34.94293200,2021-01-06 00:47:59.999,1181917.85276865,785,13.62178100,460683.29782431,0
2021-01-06 00:48:00,33817.72000000,33819.84000000,33772.75000000,33780.88000000,47.16611400,2021-01-06 00:48:59.999,1593916.46997508,799,12.91681400,436506.87742642,0
2021-01-06 00:49:00,33780.88000000,33819.24000000,33751.94000000,33759.55000000,58.85494100,2021-01-06 00:49:59.999,1988206.84377838,1057,22.57734400,762626.40006116,0
2021-01-06 00:50:00,33760.30000000,33800.00000000,33753.62000000,33799.98000000,28.78034400,2021-01-06 00:50:59.999,972048.42092068,776,16.45655700,555735.61242339,0
2021-01-06 00:51:00,33799.97000000,33799.99000000,33733.39000000,33763.03000000,37.43955600,2021-01-06 00:51:59.999,1264141.33302123,1003,13.98317800,472033.80655735,0
2021-01-06 00:52:00,33766.05000000,33772.30000000,33722.66000000,33727.70000000,40.83269500,2021-01-06 00:52:59.999,1377738.05706286,956,13.05371100,440442.79864504,0
2021-01-06 00:53:00,33727.69000000,33880.00000000,33722.79000000,33880.00000000,75.63654100,2021-01-06 00:53:59.999,2557996.28236532,1480,43.26754000,1463080.36988486,0
2021-01-06 00:54:00,33880.00000000,34003.36000000,33879.99000000,33970.17000000,212.00446600,2021-01-06 00:54:59.999,7200458.00874344,2817,119.81038600,4069161.62993894,0
2021-01-06 00:55:00,33965.02000000,34027.88000000,33962.01000000,34027.87000000,134.20884900,2021-01-06 00:55:59.999,4562516.49059446,1713,63.34712500,2153491.72616408,0
2021-01-06 00:56:00,34027.87000000,34030.00000000,33966.88000000,33990.93000000,112.43211800,2021-01-06 00:56:59.999,3822759.22831731,1194,37.94172500,1289830.56241739,0
2021-01-06 00:57:00,33990.65000000,33999.99000000,33964.43000000,33964.98000000,44.58283500,2021-01-06 00:57:59.999,1514945.87270030,829,19.49590800,662447.75296519,0
2021-01-06 00:58:00,33964.98000000,33987.99000000,33934.66000000,33960.00000000,75.66697900,2021-01-06 00:58:59.999,2569942.52168496,1084,23.57340300,800789.08550654,0
2021-01-06 00:59:00,33960.00000000,33966.49000000,33913.51000000,33918.01000000,47.66893900,2021-01-06 00:59:59.999,1617808.84254307,923,17.58886600,596790.12974275,0
2021-01-06 01:00:00,33918.01000000,34018.93000000,33918.01000000,33935.03000000,88.55378200,2021-01-06 01:00:59.999,3009024.27578350,1470,61.20585400,2079864.10553314,0
2021-01-06 01:01:00,33935.03000000,33979.50000000,33926.77000000,33926.77000000,37.86581800,2021-01-06 01:01:59.999,1285808.48578775,869,16.50407100,560422.01808264,0
2021-01-06 01:02:00,33926.78000000,33938.29000000,33859.50000000,33865.00000000,104.17956100,2021-01-06 01:02:59.999,3531098.61459304,1277,51.40597000,1742435.88198527,0
2021-01-06 01:03:00,33865.00000000,33865.01000000,33817.76000000,33829.22000000,49.64942300,2021-01-06 01:03:59.999,1680491.47980905,1114,15.36585600,520045.92465361,0
2021-01-06 01:04:00,33829.21000000,33846.70000000,33807.96000000,33809.05000000,30.57888300,2021-01-06 01:04:59.999,1034425.58423462,877,14.06530400,475808.36030318,0
2021-01-06 01:05:00,33809.04000000,33843.00000000,33785.50000000,33787.24000000,55.23392300,2021-01-06 01:05:59.999,1867553.04680642,1027,25.83970800,873753.15699468,0
2021-01-06 01:06:00,33787.25000000,33827.49000000,33777.23000000,33790.72000000,75.60366300,2021-01-06 01:06:59.999,2555554.94190695,1127,45.80905800,1548448.47128665,0
2021-01-06 01:07:00,33790.73000000,33887.67000000,33768.31000000,33885.45000000,97.56432800,2021-01-06 01:07:59.999,3296740.64166592,1179,73.44368300,2481563.94626909,0
2021-01-06 01:08:00,33885.45000000,33899.26000000,33791.35000000,33794.78000000,41.62233800,2021-01-06 01:08:59.999,1409124.12525479,1099,17.44688300,590662.39411550,0
2021-01-06 01:09:00,33794.78000000,33840.00000000,33786.22000000,33822.42000000,35.26265700,2021-01-06 01:09:59.999,1192401.46137550,844,17.26501700,583757.82897016,0
2021-01-06 01:10:00,33822.41000000,33899.96000000,33819.62000000,33878.99000000,74.15731100,2021-01-06 01:10:59.999,2511588.36068767,918,26.09707000,883643.52446828,0
2021-01-06 01:11:00,33879.00000000,33962.39000000,33863.21000000,33929.78000000,49.23586300,2021-01-06 01:11:59.999,1669804.05726530,1243,31.81249300,1078942.49154164,0
2021-01-06 01:12:00,33929.79000000,33944.96000000,33900.47000000,33907.32000000,24.46364300,2021-01-06 01:12:59.999,829925.09389032,667,11.38019500,386034.08217599,0
2021-01-06 01:13:00,33907.32000000,33964.04000000,33907.32000000,33936.48000000,24.17154200,2021-01-06 01:13:59.999,820228.55598153,626,14.07041900,477465.87335948,0
2021-01-06 01:14:00,33937.30000000,33948.69000000,33857.39000000,33893.95000000,48.30905500,2021-01-06 01:14:59.999,1637618.01689335,1028,17.05680200,577929.70138924,0
2021-01-06 01:15:00,33893.95000000,33990.00000000,33893.95000000,33974.07000000,37.75719900,2021-01-06 01:15:59.999,1282152.60019670,943,13.21121000,448529.85418270,0
2021-01-06 01:16:00,33974.08000000,33980.23000000,33923.37000000,33923.94000000,31.45987500,2021-01-06 01:16:59.999,1067849.25036897,585,7.23646400,245607.06938445,0
2021-01-06 01:17:00,33923.94000000,33939.49000000,33904.60000000,33912.14000000,39.62281800,2021-01-06 01:17:59.999,1344082.01820564,757,15.37502500,521456.81990480,0
2021-01-06 01:18:00,33912.14000000,33943.88000000,33858.66000000,33858.66000000,35.21267000,2021-01-06 01:18:59.999,1193710.95258671,984,17.70591100,599987.24019303,0
2021-01-06 01:19:00,33858.67000000,33870.00000000,33818.50000000,33827.65000000,41.43975500,2021-01-06 01:19:59.999,1402485.01656739,961,19.34528200,654712.78221909,0
2021-01-06 01:20:00,33827.66000000,33846.50000000,33820.00000000,33832.33000000,23.35655100,2021-01-06 01:20:59.999,790306.06987181,692,8.15700500,275995.85820034,0
2021-01-06 01:21:00,33832.33000000,33932.98000000,33832.32000000,33880.00000000,75.52664200,2021-01-06 01:21:59.999,2559905.91337451,1007,46.48634800,1575531.39204617,0
2021-01-06 01:22:00,33880.00000000,33880.00000000,33777.00000000,33795.39000000,98.87035800,2021-01-06 01:22:59.999,3345011.45740141,1116,22.91322000,775230.03376153,0
2021-01-06 01:23:00,33795.40000000,33797.47000000,33737.05000000,33777.13000000,50.93359600,2021-01-06 01:23:59.999,1719920.62718368,1221,17.08065900,576777.61130116,0
2021-01-06 01:24:00,33777.14000000,33803.37000000,33710.80000000,33726.99000000,59.37027800,2021-01-06 01:24:59.999,2004172.32730192,1244,13.22069900,446260.45060524,0
2021-01-06 01:25:00,33727.20000000,33762.00000000,33668.40000000,33748.53000000,122.82152800,2021-01-06 01:25:59.999,4140441.35318199,1713,68.01206400,2292634.98132039,0
2021-01-06 01:26:00,33748.53000000,33791.36000000,33700.00000000,33707.84000000,47.99383800,2021-01-06 01:26:59.999,1619721.24177424,943,15.46379000,521891.41898473,0
2021-01-06 01:27:00,33707.85000000,33741.97000000,33701.37000000,33712.73000000,28.11681600,2021-01-06 01:27:59.999,948093.45842310,652,9.28190100,312971.01542349,0
2021-01-06 01:28:00,33712.72000000,33783.98000000,33712.72000000,33756.50000000,35.33039200,2021-01-06 01:28:59.999,1192471.07268766,911,23.21067500,783306.77969034,0
2021-01-06 01:29:00,33756.51000000,33779.90000000,33723.66000000,33723.66000000,26.36243200,2021-01-06 01:29:59.999,889968.97727641,686,11.88180200,401143.54403860,0
2021-01-06 01:30:00,33723.67000000,33739.74000000,33641.29000000,33700.19000000,68.24415300,2021-01-06 01:30:59.999,2299167.56493993,1211,25.49097500,858884.56889919,0
2021-01-06 01:31:00,33700.19000000,33739.62000000,33692.62000000,33707.35000000,22.58264000,2021-01-06 01:31:59.999,761355.09905213,654,8.42894500,284119.71126854,0
2021-01-06 01:32:00,33707.36000000,33729.40000000,33577.00000000,33587.55000000,124.94591800,2021-01-06 01:32:59.999,4203258.68949460,1845,41.88498500,1408356.40557168,0
2021-01-06 01:33:00,33586.26000000,33606.49000000,33540.47000000,33577.01000000,75.56519600,2021-01-06 01:33:59.999,2536235.04065297,1534,36.93476100,1239602.47579044,0
2021-01-06 01:34:00,33577.01000000,33580.60000000,33513.05000000,33531.30000000,98.12967700,2021-01-06 01:34:59.999,3290687.16116950,1251,52.54587800,1761925.46997223,0
2021-01-06 01:35:00,33531.30000000,33619.18000000,33530.63000000,33619.18000000,50.98310600,2021-01-06 01:35:59.999,1712669.33195193,1091,23.69981700,796034.54990534,0
2021-01-06 01:36:00,33619.19000000,33694.65000000,33615.66000000,33663.23000000,48.82175900,2021-01-06 01:36:59.999,1643483.73351632,955,19.98000300,672459.11583252,0
2021-01-06 01:37:00,33663.23000000,33680.86000000,33567.99000000,33576.96000000,58.65707100,2021-01-06 01:37:59.999,1971991.62517980,1195,21.62165300,726961.46795694,0
2021-01-06 01:38:00,33576.96000000,33626.50000000,33569.48000000,33603.73000000,60.36658400,2021-01-06 01:38:59.999,2028251.26642331,1087,33.53603400,1126673.50946746,0
2021-01-06 01:39:00,33603.72000000,33693.54000000,33603.72000000,33670.33000000,34.75393000,2021-01-06 01:39:59.999,1169604.40662717,965,24.58482800,827381.35678577,0
2021-01-06 01:40:00,33670.32000000,33673.21000000,33607.82000000,33609.83000000,32.59797500,2021-01-06 01:40:59.999,1096385.42913679,965,10.75850200,361849.51782573,0
2021-01-06 01:41:00,33613.00000000,33715.50000000,33610.13000000,33715.50000000,59.44180700,2021-01-06 01:41:59.999,2001364.99439909,1042,37.90273200,1276285.81835820,0
2021-01-06 01:42:00,33715.50000000,33726.57000000,33679.00000000,33726.57000000,60.81889900,2021-01-06 01:42:59.999,2049539.70606358,1057,14.09015500,474902.24303693,0
2021-01-06 01:43:00,33726.57000000,33746.71000000,33639.05000000,33653.24000000,87.22846000,2021-01-06 01:43:59.999,2938205.02071119,1446,34.92607700,1176413.77545640,0
2021-01-06 01:44:00,33653.23000000,33680.48000000,33630.00000000,33667.52000000,80.23911300,2021-01-06 01:44:59.999,2700441.62210187,1263,19.00982500,639778.20265755,0
2021-01-06 01:45:00,33667.52000000,33743.28000000,33667.51000000,33737.07000000,49.96954100,2021-01-06 01:45:59.999,1684239.00818360,930,20.28685900,683624.74676490,0
2021-01-06 01:46:00,33737.07000000,33737.07000000,33620.01000000,33630.85000000,61.51076600,2021-01-06 01:46:59.999,2071741.78887984,1142,21.16261400,712424.78162995,0
2021-01-06 01:47:00,33630.85000000,33640.00000000,33567.96000000,33591.02000000,79.88144900,2021-01-06 01:47:59.999,2684332.03681312,1643,39.68909400,1333568.33261126,0
2021-01-06 01:48:00,33591.02000000,33624.02000000,33550.02000000,33611.55000000,75.19115700,2021-01-06 01:48:59.999,2525237.68557409,1133,48.48276800,1628472.21999115,0
2021-01-06 01:49:00,33611.54000000,33681.78000000,33605.68000000,33670.94000000,34.18383200,2021-01-06 01:49:59.999,1150124.21942940,1117,15.09307400,507814.67144843,0
2021-01-06 01:50:00,33670.94000000,33726.50000000,33670.93000000,33684.60000000,38.28580000,2021-01-06 01:50:59.999,1290168.14883426,960,9.65516000,325272.20769937,0
2021-01-06 01:51:00,33684.60000000,33759.47000000,33684.60000000,33757.04000000,44.37918900,2021-01-06 01:51:59.999,1496906.07093612,1066,26.38287600,889873.97187916,0
2021-01-06 01:52:00,33757.04000000,33774.63000000,33728.77000000,33756.15000000,35.95398700,2021-01-06 01:52:59.999,1213375.56720466,774,17.11866400,577599.53407993,0
2021-01-06 01:53:00,33756.16000000,33804.40000000,33745.33000000,33783.66000000,44.62055800,2021-01-06 01:53:59.999,1507430.75972252,935,24.61913200,831754.27662239,0
2021-01-06 01:54:00,33783.72000000,33847.00000000,33783.72000000,33845.07000000,31.79299500,2021-01-06 01:54:59.999,1075088.19235410,980,16.09040300,544153.01791101,0
2021-01-06 01:55:00,33845.07000000,33870.97000000,33813.49000000,33813.49000000,70.15528700,2021-01-06 01:55:59.999,2374272.80558327,1383,36.34394000,1230065.57548104,0
2021-01-06 01:56:00,33817.51000000,33862.65000000,33817.51000000,33840.59000000,33.31484900,2021-01-06 01:56:59.999,1127367.80042126,822,14.97524100,506719.70336681,0
2021-01-06 01:57:00,33840.59000000,33840.59000000,33800.00000000,33834.78000000,40.56733500,2021-01-06 01:57:59.999,1371813.41177541,922,6.73136400,227639.08222126,0
2021-01-06 01:58:00,33834.79000000,33844.82000000,33816.57000000,33844.82000000,17.46585500,2021-01-06 01:58:59.999,590786.79002725,565,10.45374700,353598.36975706,0
2021-01-06 01:59:00,33844.82000000,33844.82000000,33800.00000000,33811.28000000,26.38392800,2021-01-06 01:59:59.999,892133.41101705,665,15.55056300,525802.83878546,0
2021-01-06 02:00:00,33811.28000000,33863.50000000,33811.20000000,33853.67000000,31.52842400,2021-01-06 02:00:59.999,1066816.04741138,750,20.16448200,682323.28015736,0
2021-01-06 02:01:00,33853.68000000,33853.68000000,33811.28000000,33833.86000000,30.90421400,2021-01-06 02:01:59.999,1045469.09475706,724,18.87727700,638599.38788555,0
2021-01-06 02:02:00,33833.87000000,33937.00000000,33829.79000000,33935.88000000,55.11008600,2021-01-06 02:02:59.999,1867888.66949074,1220,33.23250400,1126349.97848403,0
2021-01-06 02:03:00,33935.87000000,33945.50000000,33900.00000000,33936.83000000,55.95636200,2021-01-06 02:03:59.999,1898026.52916165,1098,28.19468000,956523.82570761,0
2021-01-06 02:04:00,33936.83000000,33987.68000000,33936.83000000,33969.99000000,73.97186100,2021-01-06 02:04:59.999,2512641.94156996,1193,43.58392800,1480275.19144972,0
2021-01-06 02:05:00,33969.98000000,33987.28000000,33940.07000000,33986.13000000,44.45115100,2021-01-06 02:05:59.999,1509872.73238382,981,18.93922600,643294.03720227,0
2021-01-06 02:06:00,33986.11000000,33986.15000000,33949.04000000,33953.98000000,55.29307100,2021-01-06 02:06:59.999,1878555.38865531,996,23.43679600,796192.91685006,0
2021-01-06 02:07:00,33953.98000000,34030.00000000,33950.00000000,34006.67000000,222.74912800,2021-01-06 02:07:59.999,7572709.79122114,1783,185.11242100,6293089.62063223,0
2021-01-06 02:08:00,34006.66000000,34064.50000000,33997.02000000,34052.95000000,82.86290100,2021-01-06 02:08:59.999,2820901.95942586,1793,51.62220900,1757456.48736083,0
2021-01-06 02:09:00,34052.96000000,34054.00000000,33992.84000000,33997.04000000,37.71046800,2021-01-06 02:09:59.999,1283042.09617191,1091,13.73972700,467483.25998576,0
2021-01-06 02:10:00,33997.04000000,34061.51000000,33985.30000000,34048.95000000,53.99769800,2021-01-06 02:10:59.999,1837010.66381050,1067,25.04115900,851935.03118119,0
2021-01-06 02:11:00,34048.95000000,34063.33000000,34006.50000000,34020.16000000,38.32233900,2021-01-06 02:11:59.999,1304157.63947021,918,17.83728900,607020.04713248,0
2021-01-06 02:12:00,34020.17000000,34020.17000000,33950.00000000,33990.51000000,59.93589300,2021-01-06 02:12:59.999,2037346.19022808,1038,15.17177800,515704.82812704,0
2021-01-06 02:13:00,33990.50000000,34013.43000000,33975.86000000,33988.80000000,33.27947600,2021-01-06 02:13:59.999,1131325.81385321,701,22.76580400,773879.50263259,0
2021-01-06 02:14:00,33988.79000000,34032.54000000,33986.10000000,34006.87000000,27.48599700,2021-01-06 02:14:59.999,934911.72070458,689,15.87690800,540013.60492950,0
2021-01-06 02:15:00,34006.87000000,34024.50000000,34002.30000000,34006.53000000,30.76410200,2021-01-06 02:15:59.999,1046312.98855402,688,18.02192000,612904.17577777,0
2021-01-06 02:16:00,34006.52000000,34061.69000000,33990.00000000,34061.69000000,64.87775600,2021-01-06 02:16:59.999,2206648.97252094,934,23.80498100,809905.11492676,0
2021-01-06 02:17:00,34063.40000000,34100.00000000,34063.40000000,34098.68000000,79.48407000,2021-01-06 02:17:59.999,2709559.85998786,1451,41.94922700,1429987.47557028,0
2021-01-06 02:18:00,34098.68000000,34127.03000000,34088.00000000,34116.39000000,173.99217300,2021-01-06 02:18:59.999,5933964.11667573,1606,109.37885600,3730072.67999321,0
2021-01-06 02:19:00,34116.40000000,34135.84000000,34097.16000000,34100.01000000,49.17035300,2021-01-06 02:19:59.999,1677380.65142548,918,27.56619800,940387.40748312,0
2021-01-06 02:20:00,34100.00000000,34130.58000000,34100.00000000,34103.74000000,35.21647700,2021-01-06 02:20:59.999,1201307.53653295,691,19.01287900,648518.22256477,0
2021-01-06 02:21:00,34103.74000000,34103.74000000,34056.78000000,34098.98000000,45.71751400,2021-01-06 02:21:59.999,1558135.30202853,1146,20.01480500,682052.00591730,0
2021-01-06 02:22:00,34098.98000000,34098.98000000,34005.53000000,34007.77000000,71.91130900,2021-01-06 02:22:59.999,2448291.25115021,1170,19.55943800,666006.77156449,0
2021-01-06 02:23:00,34005.53000000,34005.54000000,33926.83000000,33942.84000000,135.75429900,2021-01-06 02:23:59.999,4609821.27060921,1948,53.88338500,1829680.16241391,0
2021-01-06 02:24:00,33948.94000000,33996.47000000,33921.03000000,33921.04000000,59.36281400,2021-01-06 02:24:59.999,2015561.95634573,1050,28.10688000,954325.19362514,0
2021-01-06 02:25:00,33921.03000000,33921.59000000,33778.78000000,33800.39000000,109.01337300,2021-01-06 02:25:59.999,3692382.09234887,2389,31.71811000,1074576.96843960,0
2021-01-06 02:26:00,33800.39000000,33866.65000000,33768.32000000,33837.99000000,104.51300200,2021-01-06 02:26:59.999,3533470.47681841,2083,52.35394600,1770016.58021381,0
2021-01-06 02:27:00,33837.99000000,33857.50000000,33773.44000000,33857.50000000,57.96075800,2021-01-06 02:27:59.999,1959884.25498070,1053,30.54681000,1032971.01823769,0
2021-01-06 02:28:00,33858.43000000,33904.06000000,33820.00000000,33904.05000000,49.93852300,2021-01-06 02:28:59.999,1691101.01683178,908,25.38070500,859561.87900842,0
2021-01-06 02:29:00,33904.06000000,33954.94000000,33903.84000000,33915.35000000,60.97354200,2021-01-06 02:29:59.999,2069060.18930613,1029,18.42251100,624960.55518426,0
2021-01-06 02:30:00,33915.35000000,33922.31000000,33879.37000000,33908.62000000,33.14549800,2021-01-06 02:30:59.999,1123691.08046678,856,12.67896700,429824.40747772,0
2021-01-06 02:31:00,33908.61000000,33948.99000000,33891.12000000,33917.03000000,37.05274400,2021-01-06 02:31:59.999,1256681.92307965,834,20.24332800,686615.09145890,0
2021-01-06 02:32:00,33917.04000000,33934.54000000,33887.34000000,33923.16000000,19.17738900,2021-01-06 02:32:59.999,650295.39563957,599,9.76213800,331071.63099547,0
2021-01-06 02:33:00,33923.17000000,33938.48000000,33842.12000000,33916.74000000,73.84055500,2021-01-06 02:33:59.999,2502028.55502058,928,28.33749900,960542.54434448,0
2021-01-06 02:34:00,33916.73000000,33996.47000000,33906.57000000,33981.70000000,46.83943200,2021-01-06 02:34:59.999,1590732.68780269,939,28.14090000,955649.04716003,0
2021-01-06 02:35:00,33981.70000000,34049.00000000,33969.08000000,34044.76000000,39.40802300,2021-01-06 02:35:59.999,1339870.52352121,835,18.22003500,619591.74794199,0
2021-01-06 02:36:00,34044.78000000,34064.50000000,34022.53000000,34056.51000000,35.70286300,2021-01-06 02:36:59.999,1215485.19020926,725,22.18669700,755350.26096660,0
2021-01-06 02:37:00,34056.50000000,34091.22000000,34013.97000000,34091.22000000,43.03429500,2021-01-06 02:37:59.999,1465882.40444316,971,26.71353600,909881.57773272,0
2021-01-06 02:38:00,34091.21000000,34110.00000000,34078.32000000,34083.95000000,34.87823800,2021-01-06 02:38:59.999,1189234.82143972,812,20.91926400,713298.24573338,0
2021-01-06 02:39:00,34083.95000000,34110.00000000,34070.24000000,34077.02000000,35.35607000,2021-01-06 02:39:59.999,1205452.28202376,822,12.57305300,428682.04890491,0
2021-01-06 02:40:00,34077.03000000,34111.00000000,34076.81000000,34084.78000000,48.63563800,2021-01-06 02:40:59.999,1658254.82154714,631,39.81964000,1357721.56937526,0
2021-01-06 02:41:00,34084.79000000,34084.79000000,34040.18000000,34068.94000000,28.83451200,2021-01-06 02:41:59.999,982048.90468279,971,15.19370700,517477.05547516,0
2021-01-06 02:42:00,34068.95000000,34099.25000000,34051.15000000,34087.23000000,21.16438300,2021-01-06 02:42:59.999,721178.16902002,639,13.54177400,461481.31807274,0
2021-01-06 02:43:00,34087.23000000,34093.18000000,34050.00000000,34050.43000000,27.60665000,2021-01-06 02:43:59.999,940817.80150394,568,11.95102800,407290.78148847,0
2021-01-06 02:44:00,34050.43000000,34060.00000000,33961.72000000,33973.02000000,55.19362400,2021-01-06 02:44:59.999,1877106.49549363,945,14.73608300,501243.69694861,0
2021-01-06 02:45:00,33973.02000000,34010.51000000,33970.34000000,34007.29000000,34.46446700,2021-01-06 02:45:59.999,1171477.95710985,847,18.84227000,640453.59526314,0
2021-01-06 02:46:00,34007.29000000,34080.00000000,34007.29000000,34072.29000000,28.75619400,2021-01-06 02:46:59.999,979183.55873341,895,17.60541500,599405.32049428,0
2021-01-06 02:47:00,34072.30000000,34110.99000000,34069.95000000,34109.02000000,38.15138200,2021-01-06 02:47:59.999,1300500.22717480,764,28.89474200,984995.26436410,0
2021-01-06 02:48:00,34109.02000000,34114.83000000,34082.89000000,34099.91000000,37.21040300,2021-01-06 02:48:59.999,1268798.18814978,738,9.80753800,334418.97982798,0
2021-01-06 02:49:00,34099.91000000,34110.00000000,34057.27000000,34062.31000000,50.06856500,2021-01-06 02:49:59.999,1707197.36628615,726,8.14474200,277695.90008529,0
2021-01-06 02:50:00,34062.31000000,34065.00000000,33987.19000000,33995.19000000,55.87726300,2021-01-06 02:50:59.999,1901728.56682229,977,22.63628000,770242.89012585,0
2021-01-06 02:51:00,33995.19000000,33995.87000000,33933.05000000,33933.05000000,26.78854900,2021-01-06 02:51:59.999,910084.55904992,916,13.22005700,449155.55506895,0
2021-01-06 02:52:00,33936.30000000,33966.36000000,33900.00000000,33942.50000000,42.29109800,2021-01-06 02:52:59.999,1435208.41459807,1108,20.09954300,682217.69462462,0
2021-01-06 02:53:00,33942.50000000,33949.88000000,33865.46000000,33903.18000000,107.57082400,2021-01-06 02:53:59.999,3646582.93423105,1553,57.08629400,1935101.80923430,0
2021-01-06 02:54:00,33903.17000000,33903.17000000,33841.32000000,33850.27000000,31.85044100,2021-01-06 02:54:59.999,1078633.73244110,866,14.44144300,489088.46030660,0
2021-01-06 02:55:00,33850.27000000,33894.84000000,33841.34000000,33851.49000000,32.32576900,2021-01-06 02:55:59.999,1094773.49450205,725,14.12910500,478548.35902951,0
2021-01-06 02:56:00,33851.48000000,33898.00000000,33847.89000000,33879.34000000,37.54128500,2021-01-06 02:56:59.999,1271688.32858013,707,13.20874400,447443.69405731,0
2021-01-06 02:57:00,33879.34000000,33882.90000000,33817.62000000,33832.39000000,50.89732000,2021-01-06 02:57:59.999,1723109.62445248,1123,12.48953900,422799.43988404,0
2021-01-06 02:58:00,33834.36000000,33888.99000000,33828.06000000,33882.66000000,36.03077000,2021-01-06 02:58:59.999,1219813.68108101,663,18.47221000,625511.20288319,0
2021-01-06 02:59:00,33882.66000000,33886.42000000,33843.67000000,33873.30000000,30.35117800,2021-01-06 02:59:59.999,1027915.85269473,721,9.01067100,305166.04721553,0
2021-01-06 03:00:00,33873.30000000,33960.16000000,33873.30000000,33960.16000000,33.42407600,2021-01-06 03:00:59.999,1134011.90670443,1119,20.65430700,700724.79014566,0
2021-01-06 03:01:00,33960.33000000,33996.58000000,33960.33000000,33987.47000000,54.54097200,2021-01-06 03:01:59.999,1853273.18294254,1244,23.36961100,793983.39986774,0
2021-01-06 03:02:00,33989.00000000,34048.43000000,33989.00000000,34024.78000000,64.47712400,2021-01-06 03:02:59.999,2193455.48593236,1624,30.37219100,1033166.78300519,0
2021-01-06 03:03:00,34024.79000000,34024.80000000,33944.33000000,33977.08000000,36.95287200,2021-01-06 03:03:59.999,1255631.21920509,1281,12.24115000,415827.64273379,0
2021-01-06 03:04:00,33977.09000000,33981.01000000,33814.04000000,33822.28000000,57.54167900,2021-01-06 03:04:59.999,1949970.39721081,1708,25.66334900,869621.01412492,0
2021-01-06 03:05:00,33822.29000000,33833.50000000,33778.94000000,33782.97000000,59.72410600,2021-01-06 03:05:59.999,2019168.77170570,2026,18.96247400,641065.25046504,0
2021-01-06 03:06:00,33782.97000000,33840.00000000,33755.10000000,33826.63000000,60.22811600,2021-01-06 03:06:59.999,2036081.80003490,1501,33.34025200,1127318.54655954,0
2021-01-06 03:07:00,33826.63000000,33863.85000000,33801.35000000,33857.55000000,48.47820900,2021-01-06 03:07:59.999,1640169.52982902,1276,15.51690600,525013.20785051,0
2021-01-06 03:08:00,33857.56000000,33857.57000000,33789.22000000,33812.25000000,45.46648100,2021-01-06 03:08:59.999,1537407.48188420,1109,17.57004600,594167.99595974,0
2021-01-06 03:09:00,33812.25000000,33846.99000000,33787.82000000,33846.99000000,26.03164900,2021-01-06 03:09:59.999,880148.74197411,1108,13.08145100,442308.59740716,0
2021-01-06 03:10:00,33846.98000000,33866.16000000,33813.02000000,33821.79000000,25.49897600,2021-01-06 03:10:59.999,863029.45058219,858,13.33518600,451394.53251321,0
2021-01-06 03:11:00,33821.80000000,33829.50000000,33802.00000000,33829.50000000,31.82305200,2021-01-06 03:11:59.999,1075914.65248702,1045,13.78493700,466052.21982390,0
2021-01-06 03:12:00,33830.06000000,33880.31000000,33830.06000000,33868.44000000,27.54128800,2021-01-06 03:12:59.999,932623.41186539,923,10.80131900,365716.42335813,0
2021-01-06 03:13:00,33868.44000000,33903.00000000,33868.19000000,33882.41000000,36.08927200,2021-01-06 03:13:59.999,1222798.99882862,973,19.71900000,668121.13056690,0
2021-01-06 03:14:00,33882.41000000,33903.00000000,33877.69000000,33880.64000000,33.07934000,2021-01-06 03:14:59.999,1121139.70955859,975,9.50477600,322110.13518982,0
2021-01-06 03:15:00,33880.98000000,33887.38000000,33781.56000000,33781.56000000,56.43881600,2021-01-06 03:15:59.999,1908719.26002770,1556,18.01086400,609177.21937533,0
2021-01-06 03:16:00,33780.94000000,33791.23000000,33702.00000000,33722.99000000,75.73816800,2021-01-06 03:16:59.999,2555599.49523177,1772,27.86112200,940254.12733086,0
2021-01-06 03:17:00,33723.00000000,33788.86000000,33722.99000000,33768.07000000,35.67011700,2021-01-06 03:17:59.999,1204241.42800809,1331,21.55306800,727669.08417752,0
2021-01-06 03:18:00,33768.07000000,33788.86000000,33760.55000000,33788.83000000,28.76531200,2021-01-06 03:18:59.999,971787.65059426,836,11.65720500,393828.78205897,0
2021-01-06 03:19:00,33788.83000000,33788.85000000,33717.00000000,33746.13000000,34.15081300,2021-01-06 03:19:59.999,1152455.17149273,1290,12.68175200,427928.54467717,0
2021-01-06 03:20:00,33746.13000000,33759.59000000,33739.00000000,33749.47000000,29.27647400,2021-01-06 03:20:59.999,988034.09513393,960,13.95954200,471109.75227225,0
2021-01-06 03:21:00,33749.47000000,33758.63000000,33706.00000000,33714.74000000,33.43932600,2021-01-06 03:21:59.999,1128361.79298783,970,16.00687700,540175.09559225,0
2021-01-06 03:22:00,33714.75000000,33770.15000000,33676.46000000,33748.01000000,85.16024800,2021-01-06 03:22:59.999,2871596.67758239,1664,35.21324700,1187453.97961096,0
2021-01-06 03:23:00,33748.01000000,33803.02000000,33748.01000000,33787.59000000,38.50173500,2021-01-06 03:23:59.999,1300614.31793420,1227,26.38542900,891278.25459026,0
2021-01-06 03:24:00,33787.59000000,33804.04000000,33759.10000000,33761.33000000,23.64863400,2021-01-06 03:24:59.999,798981.57079443,799,12.88460800,435357.94879378,0
2021-01-06 03:25:00,33761.28000000,33796.70000000,33707.06000000,33787.28000000,48.65493100,2021-01-06 03:25:59.999,1642175.32030918,1321,23.54443100,794455.81017444,0
2021-01-06 03:26:00,33787.28000000,33825.69000000,33786.00000000,33800.00000000,42.76235000,2021-01-06 03:26:59.999,1445367.73409378,1079,22.35310100,755496.76096489,0
2021-01-06 03:27:00,33800.00000000,33833.00000000,33792.67000000,33817.86000000,33.38761500,2021-01-06 03:27:59.999,1128979.57165566,1229,19.36761700,654921.90849079,0
2021-01-06 03:28:00,33817.85000000,33845.26000000,33793.06000000,33807.50000000,32.58880500,2021-01-06 03:28:59.999,1102133.92403735,854,17.49402100,591572.23385337,0
2021-01-06 03:29:00,33807.49000000,33807.50000000,33720.00000000,33721.00000000,29.07995800,2021-01-06 03:29:59.999,981699.21004678,1300,13.91342900,469706.87311080,0
2021-01-06 03:30:00,33721.00000000,33786.49000000,33720.99000000,33770.75000000,61.58451700,2021-01-06 03:30:59.999,2078745.41166248,1382,35.43697600,1196109.56008342,0
2021-01-06 03:31:00,33770.75000000,33812.50000000,33769.47000000,33802.23000000,18.81168600,2021-01-06 03:31:59.999,635627.87808114,953,11.88296400,401509.25260051,0
2021-01-06 03:32:00,33802.23000000,33804.99000000,33760.00000000,33760.01000000,26.06399500,2021-01-06 03:32:59.999,880391.68847146,887,5.58986200,188848.28626287,0
2021-01-06 03:33:00,33760.01000000,33780.00000000,33700.00000000,33700.00000000,59.97488900,2021-01-06 03:33:59.999,2023724.59404754,1251,12.74625100,429973.42269617,0
2021-01-06 03:34:00,33700.00000000,33745.59000000,33652.00000000,33737.00000000,94.57752900,2021-01-06 03:34:59.999,3186477.71638668,1822,39.29949000,1324366.94444182,0
2021-01-06 03:35:00,33733.97000000,33795.91000000,33716.66000000,33795.29000000,47.15255100,2021-01-06 03:35:59.999,1591722.28497094,1318,19.30451800,651772.71978800,0
2021-01-06 03:36:00,33795.30000000,33830.39000000,33795.30000000,33830.38000000,57.27854900,2021-01-06 03:36:59.999,1937114.41506557,926,41.89762300,1416904.28034223,0
2021-01-06 03:37:00,33830.38000000,33926.77000000,33830.38000000,33920.95000000,75.70321600,2021-01-06 03:37:59.999,2565212.95620367,1753,39.55322700,1339992.70004484,0
2021-01-06 03:38:00,33918.12000000,33940.17000000,33901.20000000,33911.20000000,57.21268600,2021-01-06 03:38:59.999,1940602.92667220,1343,31.26437300,1060521.10000162,0
2021-01-06 03:39:00,33911.20000000,33914.91000000,33876.01000000,33897.82000000,41.34183400,2021-01-06 03:39:59.999,1401331.62721650,1149,16.85227900,571208.83632816,0
2021-01-06 03:40:00,33897.83000000,33907.16000000,33873.72000000,33873.78000000,19.92988500,2021-01-06 03:40:59.999,675430.13625992,668,11.33364600,384113.13429980,0
2021-01-06 03:41:00,33873.78000000,33885.06000000,33801.66000000,33812.00000000,60.29051400,2021-01-06 03:41:59.999,2040265.48359483,1507,22.04481800,746139.83902840,0
2021-01-06 03:42:00,33812.00000000,33835.97000000,33750.31000000,33755.55000000,59.18882700,2021-01-06 03:42:59.999,2000670.45368009,1346,24.84280900,839887.92684123,0
2021-01-06 03:43:00,33755.54000000,33795.79000000,33734.83000000,33784.19000000,43.41518400,2021-01-06 03:43:59.999,1466070.80352866,1251,19.71665400,665876.12693128,0
2021-01-06 03:44:00,33784.20000000,33786.90000000,33732.58000000,33732.59000000,45.78006900,2021-01-06 03:44:59.999,1545320.19648087,1306,20.59037000,695044.57884941,0
2021-01-06 03:45:00,33732.59000000,33799.50000000,33732.59000000,33797.57000000,36.27696200,2021-01-06 03:45:59.999,1224682.66113998,1173,28.27043100,954364.10096963,0
2021-01-06 03:46:00,33799.49000000,33843.80000000,33799.49000000,33843.05000000,26.87593800,2021-01-06 03:46:59.999,908956.41523397,738,15.66881100,529928.94895274,0
2021-01-06 03:47:00,33843.05000000,33900.00000000,33773.21000000,33893.79000000,87.81120300,2021-01-06 03:47:59.999,2971467.49317202,2141,39.26189400,1328383.90714941,0
2021-01-06 03:48:00,33893.79000000,33973.97000000,33889.51000000,33938.98000000,106.22066400,2021-01-06 03:48:59.999,3604565.54988267,1711,75.45151000,2560334.37012664,0
2021-01-06 03:49:00,33938.98000000,33968.50000000,33924.52000000,33955.62000000,30.55200500,2021-01-06 03:49:59.999,1037107.58373260,1201,16.17761900,549150.36231840,0
2021-01-06 03:50:00,33955.62000000,33965.39000000,33934.48000000,33934.48000000,30.12176700,2021-01-06 03:50:59.999,1022707.92719694,1039,16.50202500,560306.49918041,0
2021-01-06 03:51:00,33934.48000000,33942.33000000,33911.77000000,33932.11000000,30.98792900,2021-01-06 03:51:59.999,1051446.71209183,1133,10.87676900,369064.75022377,0
2021-01-06 03:52:00,33932.10000000,33959.50000000,33908.52000000,33959.49000000,39.19627200,2021-01-06 03:52:59.999,1329963.85098854,1083,22.08998400,749479.25064247,0
2021-01-06 03:53:00,33959.49000000,33962.72000000,33916.13000000,33916.76000000,20.25887400,2021-01-06 03:53:59.999,687518.70287540,1232,9.26613600,314484.30271376,0
2021-01-06 03:54:00,33916.76000000,34005.68000000,33911.55000000,33974.95000000,138.92017700,2021-01-06 03:54:59.999,4720813.19164288,1991,110.18895200,3744718.43522604,0
2021-01-06 03:55:00,33974.95000000,34026.00000000,33972.30000000,34002.01000000,51.71304400,2021-01-06 03:55:59.999,1758389.60646420,1472,31.26629000,1063147.01175308,0
2021-01-06 03:56:00,34002.00000000,34067.02000000,33994.28000000,34010.95000000,81.62226600,2021-01-06 03:56:59.999,2777798.13836451,1893,33.81656500,1150743.23496814,0
2021-01-06 03:57:00,34010.95000000,34100.00000000,34005.13000000,34092.23000000,122.84692500,2021-01-06 03:57:59.999,4185317.45467553,2201,75.76917200,2581124.94923493,0
2021-01-06 03:58:00,34092.24000000,34149.71000000,34081.05000000,34097.46000000,221.57295400,2021-01-06 03:58:59.999,7560239.54487864,2722,169.58054100,5786104.34573067,0
2021-01-06 03:59:00,34097.01000000,34170.00000000,34094.92000000,34117.59000000,121.64462000,2021-01-06 03:59:59.999,4153387.70067775,1929,94.66236300,3232053.68505147,0
2021-01-06 04:00:00,34116.76000000,34200.87000000,34116.72000000,34200.86000000,153.92770000,2021-01-06 04:00:59.999,5262252.01346112,2528,120.93593300,4134878.32290542,0
2021-01-06 04:01:00,34200.87000000,34250.00000000,34114.00000000,34114.02000000,128.77106600,2021-01-06 04:01:59.999,4400691.18307265,2653,59.04176000,2018428.75447011,0
2021-01-06 04:02:00,34114.00000000,34185.15000000,34111.05000000,34137.47000000,71.82953200,2021-01-06 04:02:59.999,2453273.41957812,1378,41.88182400,1430493.44427747,0
2021-01-06 04:03:00,34137.46000000,34177.19000000,34109.83000000,34175.48000000,42.58221400,2021-01-06 04:03:59.999,1454212.90178226,1009,24.69258900,843276.43591611,0
2021-01-06 04:04:00,34171.36000000,34173.40000000,34120.99000000,34166.60000000,64.22797800,2021-01-06 04:04:59.999,2193674.32429773,1019,23.83237700,813883.58367354,0
2021-01-06 04:05:00,34166.60000000,34200.00000000,34138.02000000,34192.65000000,41.43331800,2021-01-06 04:05:59.999,1415889.40509279,961,28.37866600,969757.08643884,0
2021-01-06 04:06:00,34192.66000000,34200.00000000,34134.57000000,34142.58000000,51.00267600,2021-01-06 04:06:59.999,1742918.89556288,831,25.75318400,879966.24050703,0
2021-01-06 04:07:00,34143.82000000,34166.92000000,34123.88000000,34159.00000000,44.60288100,2021-01-06 04:07:59.999,1522872.27254164,733,21.86672900,746589.31664282,0
2021-01-06 04:08:00,34159.00000000,34250.45000000,34145.71000000,34248.18000000,233.23162900,2021-01-06 04:08:59.999,7976298.47244610,1116,189.27922600,6473136.48406434,0
2021-01-06 04:09:00,34248.18000000,34410.00000000,34242.65000000,34370.22000000,562.20661900,2021-01-06 04:09:59.999,19312264.26469253,6675,432.90715800,14872313.65491616,0
2021-01-06 04:10:00,34368.52000000,34460.00000000,34367.09000000,34441.98000000,446.21227800,2021-01-06 04:10:59.999,15358547.54503000,4723,392.40691900,13505958.55832561,0
2021-01-06 04:11:00,34441.21000000,34460.00000000,34401.00000000,34460.00000000,309.52957600,2021-01-06 04:11:59.999,10663293.83565441,3530,244.30738400,8416928.58382513,0
2021-01-06 04:12:00,34459.99000000,34510.00000000,34447.81000000,34497.35000000,564.83300900,2021-01-06 04:12:59.999,19486450.79297917,7676,497.70168500,17170828.52509914,0
2021-01-06 04:13:00,34497.35000000,34580.00000000,34490.85000000,34537.56000000,353.87693700,2021-01-06 04:13:59.999,12216108.44429098,5285,301.81291800,10418254.80453261,0
2021-01-06 04:14:00,34537.57000000,34600.00000000,34440.58000000,34584.92000000,283.37407300,2021-01-06 04:14:59.999,9784952.22613567,4416,150.89011400,5211624.81957658,0
2021-01-06 04:15:00,34584.92000000,34600.00000000,34510.59000000,34549.81000000,182.02939700,2021-01-06 04:15:59.999,6292319.14899786,2802,85.23863800,2946574.16494756,0
2021-01-06 04:16:00,34549.80000000,34616.00000000,34500.73000000,34586.26000000,234.39271600,2021-01-06 04:16:59.999,8103686.39639389,2785,179.32508000,6200437.65822753,0
2021-01-06 04:17:00,34589.40000000,34637.86000000,34540.24000000,34595.80000000,123.85092300,2021-01-06 04:17:59.999,4285287.34781899,2398,55.85526500,1932457.68559205,0
2021-01-06 04:18:00,34595.80000000,34603.67000000,34500.00000000,34556.45000000,137.42050700,2021-01-06 04:18:59.999,4747225.77455299,2284,71.07087700,2455438.04297678,0
2021-01-06 04:19:00,34556.44000000,34599.99000000,34504.68000000,34517.15000000,97.29894700,2021-01-06 04:19:59.999,3361863.10157822,1560,44.34281600,1532166.89671861,0
2021-01-06 04:20:00,34517.15000000,34580.85000000,34501.00000000,34577.22000000,77.66333900,2021-01-06 04:20:59.999,2682507.81150642,1387,43.53433700,1503641.14387686,0
2021-01-06 04:21:00,34577.23000000,34672.02000000,34577.22000000,34658.45000000,223.28655300,2021-01-06 04:21:59.999,7735484.93041556,2895,151.67423800,5254490.55095979,0
2021-01-06 04:22:00,34658.45000000,34690.88000000,34612.80000000,34674.01000000,164.09086200,2021-01-06 04:22:59.999,5687001.42399168,2768,81.82269600,2836298.27327571,0
2021-01-06 04:23:00,34674.02000000,34800.00000000,34649.17000000,34800.00000000,338.47616300,2021-01-06 04:23:59.999,11760242.41260885,5375,263.16556400,9146036.38940508,0
2021-01-06 04:24:00,34800.00000000,35300.00000000,34799.99000000,35150.00000000,1010.88396700,2021-01-06 04:24:59.999,35388825.08133015,17138,822.10773300,28780775.91365805,0
2021-01-06 04:25:00,35150.00000000,35299.99000000,34856.26000000,35091.58000000,495.47273700,2021-01-06 04:25:59.999,17380895.63864363,9612,235.80163200,8272582.37289827,0
2021-01-06 04:26:00,35091.58000000,35294.99000000,35049.69000000,35190.25000000,283.96858800,2021-01-06 04:26:59.999,9985937.95257231,6919,158.51658000,5574821.50512953,0
2021-01-06 04:27:00,35190.25000000,35499.00000000,35177.86000000,35414.05000000,367.45046500,2021-01-06 04:27:59.999,12990332.70673157,8470,218.30216100,7719219.82835413,0
2021-01-06 04:28:00,35410.54000000,35722.79000000,35368.68000000,35703.08000000,444.12657600,2021-01-06 04:28:59.999,15771656.11528198,8775,283.87954000,10087930.90137195,0
2021-01-06 04:29:00,35711.22000000,35766.58000000,35501.00000000,35507.83000000,321.91776800,2021-01-06 04:29:59.999,11473062.61925712,7373,162.97406200,5809781.39951586,0
2021-01-06 04:30:00,35513.01000000,35730.00000000,35500.00000000,35530.37000000,313.41120800,2021-01-06 04:30:59.999,11157549.47600230,5488,151.66990400,5400453.82237353,0
2021-01-06 04:31:00,35530.37000000,35530.38000000,35181.07000000,35264.24000000,455.01794500,2021-01-06 04:31:59.999,16077616.67929013,7345,239.12081600,8446543.57590044,0
2021-01-06 04:32:00,35264.23000000,35294.33000000,34900.00000000,35187.97000000,495.95837800,2021-01-06 04:32:59.999,17414154.50562955,7589,244.82383000,8601394.90495393,0
2021-01-06 04:33:00,35170.34000000,35250.00000000,35000.00000000,35250.00000000,351.81190100,2021-01-06 04:33:59.999,12356612.31510233,4876,192.75709100,6772723.73541677,0
2021-01-06 04:34:00,35238.70000000,35318.72000000,35132.95000000,35296.14000000,186.47872600,2021-01-06 04:34:59.999,6568630.64689102,3454,101.65993700,3581658.37282668,0
2021-01-06 04:35:00,35306.64000000,35318.72000000,35101.77000000,35189.54000000,232.66695600,2021-01-06 04:35:59.999,8194778.02246210,3640,103.27572600,3638056.39740949,0
2021-01-06 04:36:00,35189.54000000,35286.91000000,35157.70000000,35222.28000000,224.99950300,2021-01-06 04:36:59.999,7921799.52418481,3102,142.16045800,5005119.37738110,0
2021-01-06 04:37:00,35222.28000000,35299.66000000,35150.79000000,35226.94000000,140.96671900,2021-01-06 04:37:59.999,4967057.68930381,2604,71.25308500,2511099.02158330,0
2021-01-06 04:38:00,35226.94000000,35241.19000000,35100.00000000,35186.12000000,133.65620900,2021-01-06 04:38:59.999,4699136.99879337,2851,60.95790400,2142979.71706237,0
2021-01-06 04:39:00,35186.11000000,35238.14000000,35106.01000000,35232.21000000,151.06826100,2021-01-06 04:39:59.999,5312777.30619286,2518,79.76051300,2805176.22292345,0
2021-01-06 04:40:00,35232.21000000,35232.21000000,35152.66000000,35209.96000000,92.87853000,2021-01-06 04:40:59.999,3268574.62178784,1730,55.67677600,1959545.91555431,0
2021-01-06 04:41:00,35209.97000000,35320.00000000,35199.20000000,35253.91000000,119.01896600,2021-01-06 04:41:59.999,4198096.32156807,2213,66.14554500,2333152.50758976,0
2021-01-06 04:42:00,35253.91000000,35383.00000000,35220.00000000,35305.12000000,133.78747800,2021-01-06 04:42:59.999,4724403.60201344,2494,68.20493800,2408604.64428616,0
2021-01-06 04:43:00,35305.12000000,35306.00000000,35147.62000000,35178.00000000,115.01432000,2021-01-06 04:43:59.999,4051876.26129782,2349,54.43356200,1917565.21088004,0
2021-01-06 04:44:00,35177.09000000,35281.71000000,35154.41000000,35190.98000000,86.12198300,2021-01-06 04:44:59.999,3032978.50193115,2089,45.60650000,1606181.30595373,0
2021-01-06 04:45:00,35185.54000000,35195.18000000,35027.15000000,35110.10000000,206.80976300,2021-01-06 04:45:59.999,7258025.29277738,3508,92.33881500,3240954.10802575,0
2021-01-06 04:46:00,35114.11000000,35132.50000000,35034.68000000,35094.70000000,113.72808500,2021-01-06 04:46:59.999,3990341.14430745,2205,47.94638600,1682423.47461391,0
2021-01-06 04:47:00,35094.70000000,35113.22000000,34970.43000000,35095.24000000,185.54781300,2021-01-06 04:47:59.999,6500807.30493889,2578,68.29531900,2393130.06745327,0
2021-01-06 04:48:00,35095.23000000,35115.89000000,35029.05000000,35077.94000000,87.22377800,2021-01-06 04:48:59.999,3059423.00448039,1443,57.17387900,2005521.36221385,0
2021-01-06 04:49:00,35077.94000000,35227.63000000,35077.93000000,35226.98000000,107.66154800,2021-01-06 04:49:59.999,3785570.66952268,1938,69.53603300,2444910.18096540,0
2021-01-06 04:50:00,35227.63000000,35250.00000000,35134.96000000,35238.87000000,90.32555600,2021-01-06 04:50:59.999,3179929.58643740,1699,45.69960600,1609024.72635672,0
2021-01-06 04:51:00,35238.87000000,35333.86000000,35207.80000000,35305.53000000,101.89949700,2021-01-06 04:51:59.999,3594333.91057957,2235,61.36793500,2164712.67867702,0
2021-01-06 04:52:00,35305.59000000,35333.86000000,35263.20000000,35332.55000000,55.40546000,2021-01-06 04:52:59.999,1955514.57264793,1288,30.30003900,1069386.80735557,0
2021-01-06 04:53:00,35333.86000000,35450.00000000,35269.56000000,35424.58000000,105.82814400,2021-01-06 04:53:59.999,3743168.49229592,2413,69.68902800,2465386.66232832,0
2021-01-06 04:54:00,35424.95000000,35449.54000000,35333.00000000,35347.82000000,104.50751900,2021-01-06 04:54:59.999,3698743.77693107,1824,52.30151500,1851048.23620525,0
2021-01-06 04:55:00,35347.82000000,35499.67000000,35345.59000000,35493.99000000,110.77148800,2021-01-06 04:55:59.999,3925123.05937615,2376,66.67190200,2362558.23006793,0
2021-01-06 04:56:00,35494.19000000,35499.68000000,35400.76000000,35456.69000000,87.18881400,2021-01-06 04:56:59.999,3091472.64556076,1522,33.71007800,1195462.51179037,0
2021-01-06 04:57:00,35456.69000000,35464.00000000,35300.01000000,35332.59000000,104.96295700,2021-01-06 04:57:59.999,3713557.04446818,1947,41.68249300,1474794.33745683,0
2021-01-06 04:58:00,35332.60000000,35367.53000000,35300.00000000,35321.73000000,82.06324300,2021-01-06 04:58:59.999,2899410.28605502,1432,34.62577300,1223490.48355497,0
2021-01-06 04:59:00,35321.76000000,35329.85000000,35187.50000000,35325.91000000,104.66588500,2021-01-06 04:59:59.999,3691276.47089147,2062,47.89318400,1688939.46594583,0
2021-01-06 05:00:00,35326.82000000,35447.89000000,35308.82000000,35419.29000000,70.11933700,2021-01-06 05:00:59.999,2481793.95468794,1952,47.39559300,1677712.01330117,0
2021-01-06 05:01:00,35419.29000000,35538.18000000,35401.12000000,35533.00000000,179.23752500,2021-01-06 05:01:59.999,6361711.57503226,2461,131.98763800,4684573.39742573,0
2021-01-06 05:02:00,35533.28000000,35590.00000000,35436.45000000,35448.49000000,129.24694400,2021-01-06 05:02:59.999,4590785.96037471,2469,76.48628400,2717106.79128882,0
2021-01-06 05:03:00,35448.49000000,35452.34000000,35342.65000000,35402.58000000,110.64981100,2021-01-06 05:03:59.999,3916063.69128405,2478,57.85855500,2047931.49863385,0
2021-01-06 05:04:00,35402.58000000,35406.64000000,35260.24000000,35275.46000000,76.01726300,2021-01-06 05:04:59.999,2686807.33866780,1903,30.75058800,1086970.29635644,0
2021-01-06 05:05:00,35275.45000000,35347.82000000,35220.77000000,35241.91000000,80.62021200,2021-01-06 05:05:59.999,2843501.59658992,1981,31.40369600,1107866.27282130,0
2021-01-06 05:06:00,35236.52000000,35269.84000000,35164.35000000,35238.92000000,100.86676000,2021-01-06 05:06:59.999,3551488.41676785,2240,44.53185100,1568067.71661961,0
2021-01-06 05:07:00,35238.92000000,35248.66000000,35140.38000000,35195.48000000,110.68770900,2021-01-06 05:07:59.999,3894334.40181486,2071,38.53971400,1356134.28679128,0
2021-01-06 05:08:00,35195.48000000,35287.48000000,35186.43000000,35262.80000000,102.13580500,2021-01-06 05:08:59.999,3597183.92256066,1784,68.76815600,2421919.07897787,0
2021-01-06 05:09:00,35262.79000000,35270.11000000,35187.11000000,35206.94000000,49.05278300,2021-01-06 05:09:59.999,1728129.46375059,1174,21.58686700,760485.63369077,0
2021-01-06 05:10:00,35206.94000000,35208.71000000,35150.00000000,35167.70000000,74.41172400,2021-01-06 05:10:59.999,2617464.02421228,1270,32.98650500,1160162.71504536,0
2021-01-06 05:11:00,35170.76000000,35226.36000000,35150.00000000,35172.54000000,54.08670400,2021-01-06 05:11:59.999,1902732.78257759,1205,18.85408600,663358.87352228,0
2021-01-06 05:12:00,35172.54000000,35230.55000000,35140.00000000,35153.10000000,54.32036200,2021-01-06 05:12:59.999,1910892.56600698,1171,26.73258600,940604.10108036,0
2021-01-06 05:13:00,35163.67000000,35234.62000000,35138.00000000,35189.99000000,53.29094300,2021-01-06 05:13:59.999,1875611.48948067,1197,28.84947800,1015494.19877507,0
2021-01-06 05:14:00,35189.99000000,35230.00000000,35189.99000000,35204.37000000,44.51165000,2021-01-06 05:14:59.999,1567482.53463975,1075,20.61727700,726034.62279143,0
2021-01-06 05:15:00,35204.36000000,35300.00000000,35174.78000000,35295.94000000,98.38414300,2021-01-06 05:15:59.999,3469175.66777537,1626,63.99374500,2256536.83432090,0
2021-01-06 05:16:00,35295.95000000,35297.63000000,35188.42000000,35205.70000000,84.65548200,2021-01-06 05:16:59.999,2983078.71986392,1545,49.25985100,1735728.73930845,0
2021-01-06 05:17:00,35205.69000000,35205.69000000,35088.80000000,35135.49000000,101.14281500,2021-01-06 05:17:59.999,3552636.66514304,2014,39.83467900,1399226.59287207,0
2021-01-06 05:18:00,35135.49000000,35190.13000000,35074.81000000,35093.12000000,135.46244200,2021-01-06 05:18:59.999,4757365.42477979,1551,79.59277800,2795419.87482439,0
2021-01-06 05:19:00,35093.13000000,35175.69000000,35043.53000000,35111.53000000,164.20586200,2021-01-06 05:19:59.999,5763018.86471260,2195,84.63640500,2970825.46868049,0
2021-01-06 05:20:00,35111.50000000,35134.58000000,35000.00000000,35079.00000000,164.59864100,2021-01-06 05:20:59.999,5771623.55333268,2599,83.05074100,2913300.48250354,0
2021-01-06 05:21:00,35080.01000000,35110.37000000,35000.00000000,35046.15000000,110.75203100,2021-01-06 05:21:59.999,3882816.67449477,1699,51.00571100,1788387.17649361,0
2021-01-06 05:22:00,35046.15000000,35200.00000000,35018.93000000,35160.99000000,116.60721100,2021-01-06 05:22:59.999,4096576.94969228,2053,73.79834800,2592136.43088863,0
2021-01-06 05:23:00,35160.98000000,35210.00000000,35121.47000000,35121.47000000,75.75788100,2021-01-06 05:23:59.999,2664122.87767377,1665,35.38758800,1244552.47419004,0
2021-01-06 05:24:00,35132.09000000,35197.87000000,35116.15000000,35116.15000000,68.96622900,2021-01-06 05:24:59.999,2425057.54085275,1287,47.42048800,1667546.53831253,0
2021-01-06 05:25:00,35116.15000000,35132.00000000,35077.70000000,35120.47000000,61.72358400,2021-01-06 05:25:59.999,2166822.87155489,1369,33.90619200,1190138.76627418,0
2021-01-06 05:26:00,35120.47000000,35236.99000000,35114.29000000,35191.83000000,118.70213200,2021-01-06 05:26:59.999,4176773.34277233,1471,83.82624500,2949855.52173880,0
2021-01-06 05:27:00,35191.84000000,35236.21000000,35182.27000000,35213.54000000,51.70703800,2021-01-06 05:27:59.999,1820447.57363603,1005,17.89066900,629981.44182293,0
2021-01-06 05:28:00,35213.54000000,35232.08000000,35171.72000000,35198.46000000,43.86187700,2021-01-06 05:28:59.999,1544031.70967435,995,23.40743700,824067.47314210,0
2021-01-06 05:29:00,35199.99000000,35218.05000000,35096.67000000,35118.28000000,61.87664100,2021-01-06 05:29:59.999,2175968.95635938,1358,25.58740900,900117.38187513,0
2021-01-06 05:30:00,35118.28000000,35207.55000000,35110.82000000,35198.40000000,128.80165500,2021-01-06 05:30:59.999,4530799.46919969,1688,99.57687100,3503051.49069752,0
2021-01-06 05:31:00,35196.98000000,35210.52000000,35159.52000000,35165.83000000,63.16453800,2021-01-06 05:31:59.999,2223413.81499803,1045,39.93892400,1405970.43793789,0
2021-01-06 05:32:00,35169.95000000,35226.74000000,35143.84000000,35200.00000000,73.41293700,2021-01-06 05:32:59.999,2583345.71124014,1295,50.72483100,1785113.43223720,0
2021-01-06 05:33:00,35200.00000000,35220.00000000,35126.34000000,35135.85000000,95.77688400,2021-01-06 05:33:59.999,3370213.33679751,1337,64.08733600,2255374.73667136,0
2021-01-06 05:34:00,35135.84000000,35146.00000000,35022.59000000,35087.81000000,66.22843000,2021-01-06 05:34:59.999,2323403.51683716,1766,21.49555100,754114.71483473,0
2021-01-06 05:35:00,35087.82000000,35087.82000000,35000.00000000,35069.53000000,65.50218600,2021-01-06 05:35:59.999,2294569.75142838,1673,31.97440400,1120175.86132203,0
2021-01-06 05:36:00,35070.72000000,35090.88000000,35037.00000000,35042.84000000,33.77367800,2021-01-06 05:36:59.999,1184238.44530709,913,17.88608100,627178.14956722,0
2021-01-06 05:37:00,35042.85000000,35050.12000000,34998.00000000,35013.19000000,88.15975500,2021-01-06 05:37:59.999,3087523.05138263,1514,37.68971900,1320010.24796322,0
2021-01-06 05:38:00,35013.20000000,35055.51000000,34993.96000000,34998.94000000,75.14694900,2021-01-06 05:38:59.999,2631568.81139438,1370,41.11918200,1439922.41405438,0
2021-01-06 05:39:00,34998.94000000,34998.94000000,34821.73000000,34993.17000000,199.19247100,2021-01-06 05:39:59.999,6957435.28781021,4029,103.78247900,3625023.32260198,0
2021-01-06 05:40:00,34993.17000000,34997.00000000,34650.00000000,34711.48000000,274.47223400,2021-01-06 05:40:59.999,9551015.39937678,5400,100.55122400,3499014.17898003,0
2021-01-06 05:41:00,34711.48000000,34892.11000000,34681.62000000,34851.45000000,160.34132700,2021-01-06 05:41:59.999,5574372.36943658,3498,90.17038100,3135251.51007359,0
2021-01-06 05:42:00,34853.75000000,34896.10000000,34733.50000000,34811.65000000,88.01163000,2021-01-06 05:42:59.999,3063810.47072848,2047,38.64653900,1345183.24156730,0
2021-01-06 05:43:00,34810.75000000,34850.00000000,34754.17000000,34757.69000000,110.17284600,2021-01-06 05:43:59.999,3833470.91831766,1897,40.91792000,1423610.76976446,0
2021-01-06 05:44:00,34757.70000000,34780.00000000,34638.90000000,34659.78000000,203.16148100,2021-01-06 05:44:59.999,7053344.88495250,3102,84.37872500,2929200.94359475,0
2021-01-06 05:45:00,34659.78000000,34750.00000000,34510.00000000,34691.73000000,164.06039900,2021-01-06 05:45:59.999,5684383.51681602,3765,72.10109000,2499111.60209140,0
2021-01-06 05:46:00,34690.93000000,34800.00000000,34649.08000000,34693.64000000,127.29153900,2021-01-06 05:46:59.999,4419887.36199608,2296,68.63991400,2383462.38598682,0
2021-01-06 05:47:00,34693.64000000,34800.00000000,34616.50000000,34778.09000000,93.37292100,2021-01-06 05:47:59.999,3242717.72675434,2114,48.42333500,1681971.04337380,0
2021-01-06 05:48:00,34778.09000000,34868.42000000,34750.37000000,34863.12000000,133.86514300,2021-01-06 05:48:59.999,4658216.10408709,1860,58.04055500,2020143.30244259,0
2021-01-06 05:49:00,34863.12000000,34916.49000000,34850.01000000,34914.70000000,71.50123500,2021-01-06 05:49:59.999,2494546.97201701,1638,44.74310800,1561022.41388582,0
2021-01-06 05:50:00,34912.89000000,34915.03000000,34846.11000000,34882.55000000,67.38615800,2021-01-06 05:50:59.999,2351008.80137952,1317,36.72128100,1281146.67843464,0
2021-01-06 05:51:00,34881.57000000,34888.61000000,34780.07000000,34848.36000000,62.84346600,2021-01-06 05:51:59.999,2188708.56178134,1436,30.12739600,1049221.24790496,0
2021-01-06 05:52:00,34848.36000000,34867.66000000,34825.87000000,34839.99000000,38.34015700,2021-01-06 05:52:59.999,1335912.78429667,910,19.46883900,678402.07219121,0
2021-01-06 05:53:00,34839.99000000,34890.64000000,34771.53000000,34825.69000000,56.85424200,2021-01-06 05:53:59.999,1980453.86126337,1366,29.42780300,1024826.49555568,0
2021-01-06 05:54:00,34825.69000000,34855.36000000,34791.41000000,34855.36000000,37.01639300,2021-01-06 05:54:59.999,1288942.62128775,1036,19.36840700,674435.13364666,0
2021-01-06 05:55:00,34855.35000000,34924.05000000,34836.51000000,34894.59000000,63.38586600,2021-01-06 05:55:59.999,2210925.59191267,1248,32.78454600,1143723.61630837,0
2021-01-06 05:56:00,34894.59000000,34915.94000000,34850.00000000,34870.41000000,52.23522600,2021-01-06 05:56:59.999,1822310.58303222,1073,30.54519200,1065680.23163331,0
2021-01-06 05:57:00,34868.66000000,34924.48000000,34868.65000000,34915.28000000,28.82897400,2021-01-06 05:57:59.999,1006128.04304161,754,12.65990800,441802.61906511,0
2021-01-06 05:58:00,34915.28000000,34930.08000000,34882.09000000,34907.92000000,66.17581000,2021-01-06 05:58:59.999,2309823.18725218,1005,15.59616500,544432.15754599,0
2021-01-06 05:59:00,34907.92000000,34982.99000000,34905.67000000,34978.91000000,59.64760500,2021-01-06 05:59:59.999,2083948.81106190,1206,39.84918500,1392329.51909467,0
2021-01-06 06:00:00,34977.27000000,34978.98000000,34944.07000000,34946.46000000,50.15467800,2021-01-06 06:00:59.999,1753612.33942757,1128,25.80933500,902433.68935008,0
2021-01-06 06:01:00,34946.98000000,34961.59000000,34857.14000000,34861.40000000,44.46542700,2021-01-06 06:01:59.999,1552250.43034719,1232,14.99725200,523559.59872925,0
2021-01-06 06:02:00,34861.41000000,34931.60000000,34844.91000000,34890.01000000,71.02172300,2021-01-06 06:02:59.999,2477781.30263010,1320,24.75659400,863827.93211935,0
2021-01-06 06:03:00,34890.01000000,34938.64000000,34876.06000000,34934.61000000,65.20074000,2021-01-06 06:03:59.999,2275744.04181471,1177,51.52778700,1798541.40125386,0
2021-01-06 06:04:00,34934.61000000,34968.67000000,34926.97000000,34957.18000000,155.08017300,2021-01-06 06:04:59.999,5418290.60554840,1239,134.00737400,4681791.77010564,0
2021-01-06 06:05:00,34957.18000000,34957.18000000,34905.80000000,34925.67000000,52.53231700,2021-01-06 06:05:59.999,1835309.98096838,1150,22.62827900,790557.69276255,0
2021-01-06 06:06:00,34925.67000000,35071.57000000,34925.67000000,35056.30000000,171.12043900,2021-01-06 06:06:59.999,5988635.08932899,2759,96.81391700,3388147.00587507,0
2021-01-06 06:07:00,35056.30000000,35167.60000000,35049.51000000,35092.65000000,155.77975500,2021-01-06 06:07:59.999,5468271.82813310,2604,67.03455500,2353297.91676736,0
2021-01-06 06:08:00,35092.66000000,35155.00000000,35087.26000000,35095.17000000,70.89799900,2021-01-06 06:08:59.999,2489939.71756694,1674,28.21731800,991032.04743317,0
2021-01-06 06:09:00,35101.78000000,35126.33000000,35073.50000000,35096.40000000,42.31876700,2021-01-06 06:09:59.999,1485352.53160319,1017,24.31041300,853335.47177836,0
2021-01-06 06:10:00,35098.16000000,35099.99000000,35038.41000000,35072.49000000,50.32686600,2021-01-06 06:10:59.999,1764941.12872627,1167,25.47175600,893308.67609983,0
2021-01-06 06:11:00,35072.50000000,35100.00000000,35048.15000000,35059.62000000,92.82869400,2021-01-06 06:11:59.999,3255811.30929146,1462,40.79996100,1430988.13514302,0
2021-01-06 06:12:00,35058.93000000,35100.00000000,35052.52000000,35088.88000000,43.57839900,2021-01-06 06:12:59.999,1528906.01626505,962,23.36439600,819718.06879915,0
2021-01-06 06:13:00,35090.02000000,35099.11000000,35050.00000000,35075.53000000,51.85671600,2021-01-06 06:13:59.999,1819186.01181912,1121,22.30292500,782424.38450329,0
2021-01-06 06:14:00,35075.54000000,35104.75000000,35069.01000000,35104.74000000,42.02452400,2021-01-06 06:14:59.999,1474542.87257417,778,32.73150500,1148515.71755457,0
2021-01-06 06:15:00,35104.74000000,35107.26000000,35058.07000000,35059.71000000,43.10541300,2021-01-06 06:15:59.999,1512405.67785892,967,17.89407900,627903.71486391,0
2021-01-06 06:16:00,35059.71000000,35073.60000000,34974.00000000,35054.83000000,84.76617000,2021-01-06 06:16:59.999,2968679.18526210,1663,38.91732500,1362995.44144140,0
2021-01-06 06:17:00,35054.84000000,35054.84000000,34998.00000000,35044.99000000,35.39959700,2021-01-06 06:17:59.999,1239803.76931721,1077,20.02860400,701543.39336689,0
2021-01-06 06:18:00,35044.99000000,35073.60000000,35037.50000000,35050.00000000,52.66621100,2021-01-06 06:18:59.999,1846381.83555705,1045,33.35230400,1169293.98078157,0
2021-01-06 06:19:00,35050.00000000,35067.94000000,35028.59000000,35046.89000000,73.39216000,2021-01-06 06:19:59.999,2572343.96839263,1143,40.06443300,1404263.89551915,0
2021-01-06 06:20:00,35046.90000000,35078.25000000,35012.19000000,35078.24000000,51.03188800,2021-01-06 06:20:59.999,1788018.02047687,1280,24.66274700,864104.82410040,0
2021-01-06 06:21:00,35078.25000000,35117.60000000,34994.84000000,35107.48000000,100.95355900,2021-01-06 06:21:59.999,3541059.43391489,1848,49.02308400,1720118.50418369,0
2021-01-06 06:22:00,35107.48000000,35189.86000000,35101.00000000,35160.37000000,113.80599800,2021-01-06 06:22:59.999,4000785.85703856,2599,61.69098800,2168618.44909737,0
2021-01-06 06:23:00,35160.37000000,35223.29000000,35152.50000000,35173.79000000,156.79422100,2021-01-06 06:23:59.999,5518280.37231511,3157,84.12226200,2960718.64690449,0
2021-01-06 06:24:00,35174.79000000,35229.10000000,35174.79000000,35185.01000000,137.58139700,2021-01-06 06:24:59.999,4842958.89393757,2116,67.94327500,2391612.21623745,0
2021-01-06 06:25:00,35185.00000000,35185.01000000,35130.72000000,35180.94000000,79.52697200,2021-01-06 06:25:59.999,2796328.39460917,1544,36.42522500,1280823.22466123,0
2021-01-06 06:26:00,35180.94000000,35182.84000000,35126.81000000,35157.29000000,57.78118000,2021-01-06 06:26:59.999,2031378.78807653,1232,32.91429400,1157103.82792872,0
2021-01-06 06:27:00,35157.02000000,35190.96000000,35142.58000000,35158.00000000,38.22631500,2021-01-06 06:27:59.999,1344350.08145769,974,25.94348500,912420.47771241,0
2021-01-06 06:28:00,35158.00000000,35200.00000000,35155.70000000,35184.60000000,44.86766900,2021-01-06 06:28:59.999,1578627.45495437,957,24.55424600,863969.40914462,0
2021-01-06 06:29:00,35184.61000000,35184.61000000,35113.02000000,35117.74000000,51.34581700,2021-01-06 06:29:59.999,1805009.66241238,1208,20.78622900,730624.68401264,0
2021-01-06 06:30:00,35117.73000000,35128.50000000,35074.57000000,35074.85000000,60.41829200,2021-01-06 06:30:59.999,2121224.11546755,1079,19.35190900,679525.98486677,0
2021-01-06 06:31:00,35074.58000000,35089.50000000,35045.55000000,35066.32000000,70.23341500,2021-01-06 06:31:59.999,2462448.94567007,1396,35.48392500,1244196.55583493,0
2021-01-06 06:32:00,35066.32000000,35090.15000000,35030.17000000,35042.20000000,43.18671300,2021-01-06 06:32:59.999,1514002.30355987,1023,20.17102200,707124.90911655,0
2021-01-06 06:33:00,35039.53000000,35068.00000000,35036.75000000,35045.49000000,30.91619600,2021-01-06 06:33:59.999,1083581.43324624,916,15.13404600,530458.81889577,0
2021-01-06 06:34:00,35045.49000000,35051.73000000,35031.00000000,35041.48000000,23.33617900,2021-01-06 06:34:59.999,817706.94337908,954,10.90855100,382232.71994478,0
2021-01-06 06:35:00,35041.48000000,35044.23000000,34800.00000000,34911.36000000,203.72149900,2021-01-06 06:35:59.999,7113812.26744174,3671,80.88804300,2822898.66639005,0
2021-01-06 06:36:00,34916.21000000,34927.67000000,34805.15000000,34831.22000000,84.70720500,2021-01-06 06:36:59.999,2953690.11937376,1908,53.39277900,1862153.86142129,0
2021-01-06 06:37:00,34831.21000000,34898.18000000,34822.00000000,34871.72000000,42.86150000,2021-01-06 06:37:59.999,1494470.52031081,1335,25.86803100,901872.05295781,0
2021-01-06 06:38:00,34871.72000000,34871.72000000,34782.44000000,34855.80000000,72.81988800,2021-01-06 06:38:59.999,2536202.81977941,1649,29.68803800,1034084.46799809,0
2021-01-06 06:39:00,34855.46000000,34891.20000000,34830.65000000,34836.66000000,66.68853000,2021-01-06 06:39:59.999,2324931.84105844,1095,25.11856000,875742.52627130,0
2021-01-06 06:40:00,34833.17000000,34900.00000000,34833.17000000,34898.34000000,55.49345400,2021-01-06 06:40:59.999,1935305.35732717,1002,34.07031300,1188154.42847880,0
2021-01-06 06:41:00,34897.82000000,34927.50000000,34873.79000000,34920.10000000,47.11758400,2021-01-06 06:41:59.999,1644676.74764032,1093,20.49589900,715450.60815698,0
2021-01-06 06:42:00,34920.10000000,34956.29000000,34907.66000000,34950.01000000,37.11942700,2021-01-06 06:42:59.999,1296835.73422899,899,19.63623500,685989.87132348,0
2021-01-06 06:43:00,34950.00000000,34950.01000000,34915.35000000,34925.01000000,29.62972000,2021-01-06 06:43:59.999,1034913.73023586,862,13.47058300,470456.10504308,0
2021-01-06 06:44:00,34928.50000000,34944.28000000,34874.32000000,34901.99000000,47.02090000,2021-01-06 06:44:59.999,1641453.40420238,1069,17.44849900,609155.51182349,0
2021-01-06 06:45:00,34901.98000000,34923.73000000,34867.00000000,34913.88000000,36.69746900,2021-01-06 06:45:59.999,1280725.31528206,1015,22.56176200,787471.47791801,0
2021-01-06 06:46:00,34917.91000000,34992.75000000,34912.17000000,34983.91000000,26.69590700,2021-01-06 06:46:59.999,933253.71373229,1079,14.64747200,511986.80915462,0
2021-01-06 06:47:00,34976.00000000,34997.20000000,34968.60000000,34980.45000000,34.06629800,2021-01-06 06:47:59.999,1191729.18242359,1169,19.43826400,679947.88101476,0
2021-01-06 06:48:00,34980.46000000,35099.99000000,34980.00000000,35078.98000000,79.18576300,2021-01-06 06:48:59.999,2774810.77593625,1793,52.84741200,1851672.80157708,0
2021-01-06 06:49:00,35081.71000000,35094.40000000,35041.68000000,35087.21000000,35.99736100,2021-01-06 06:49:59.999,1262535.99334750,1068,16.18737400,567691.76245704,0
2021-01-06 06:50:00,35086.60000000,35100.00000000,35057.27000000,35095.86000000,39.45274500,2021-01-06 06:50:59.999,1384220.91205612,906,20.25678200,710720.73713260,0
2021-01-06 06:51:00,35095.86000000,35106.76000000,35072.08000000,35106.76000000,39.79222700,2021-01-06 06:51:59.999,1396318.06623368,1057,21.51274800,754897.26623421,0
2021-01-06 06:52:00,35106.76000000,35107.18000000,35011.51000000,35031.50000000,35.68148700,2021-01-06 06:52:59.999,1251102.66796840,955,9.97601800,349866.55477939,0
2021-01-06 06:53:00,35032.03000000,35094.66000000,35027.68000000,35094.66000000,32.32333100,2021-01-06 06:53:59.999,1133302.05469467,1151,17.38973000,609762.15530366,0
2021-01-06 06:54:00,35091.59000000,35134.61000000,35052.11000000,35055.40000000,75.68592700,2021-01-06 06:54:59.999,2656492.39073391,1372,52.86799200,1855697.27860184,0
2021-01-06 06:55:00,35055.40000000,35118.49000000,35044.00000000,35101.66000000,55.73294500,2021-01-06 06:55:59.999,1954682.11140471,1436,29.50589100,1034953.08023382,0
2021-01-06 06:56:00,35101.66000000,35160.00000000,35100.00000000,35125.82000000,63.43414000,2021-01-06 06:56:59.999,2229091.15581255,1581,40.13495700,1410452.49890051,0
2021-01-06 06:57:00,35125.75000000,35199.87000000,35113.53000000,35162.08000000,64.69221900,2021-01-06 06:57:59.999,2274526.02652382,1550,43.85369600,1541899.06837114,0
2021-01-06 06:58:00,35162.09000000,35209.00000000,35162.08000000,35179.18000000,62.85542700,2021-01-06 06:58:59.999,2211826.30646618,1338,37.46050700,1318280.02910547,0
2021-01-06 06:59:00,35179.17000000,35181.39000000,35120.00000000,35125.51000000,45.03087100,2021-01-06 06:59:59.999,1582623.93829119,1097,21.25090000,746903.91554321,0
2021-01-06 07:00:00,35125.49000000,35155.00000000,35120.45000000,35145.49000000,45.92855000,2021-01-06 07:00:59.999,1613964.88043937,997,24.23840300,851737.19116473,0
2021-01-06 07:01:00,35145.49000000,35210.00000000,35141.24000000,35208.32000000,40.14088000,2021-01-06 07:01:59.999,1412308.06168391,1117,23.41293000,823603.26938745,0
2021-01-06 07:02:00,35208.31000000,35248.63000000,35177.00000000,35199.52000000,110.16565500,2021-01-06 07:02:59.999,3879356.97988894,1871,73.62488700,2592697.40130021,0
2021-01-06 07:03:00,35199.51000000,35202.54000000,35133.50000000,35150.24000000,56.71134200,2021-01-06 07:03:59.999,1994166.99933479,1243,31.06806100,1092474.86034013,0
2021-01-06 07:04:00,35150.25000000,35189.75000000,35092.26000000,35159.34000000,46.85347200,2021-01-06 07:04:59.999,1646750.31555201,1192,17.50228000,615279.79137260,0
2021-01-06 07:05:00,35159.33000000,35200.00000000,35154.01000000,35160.00000000,57.88114300,2021-01-06 07:05:59.999,2036242.33518803,1097,33.11149500,1164950.10922966,0
2021-01-06 07:06:00,35159.99000000,35160.00000000,35130.51000000,35154.26000000,44.27814500,2021-01-06 07:06:59.999,1556287.34635862,1069,25.81583600,907346.69134138,0
2021-01-06 07:07:00,35151.65000000,35160.46000000,35085.50000000,35092.08000000,49.37161900,2021-01-06 07:07:59.999,1734317.40961793,1388,18.50354500,649961.38389628,0
2021-01-06 07:08:00,35092.08000000,35092.08000000,34961.02000000,34997.90000000,92.01005100,2021-01-06 07:08:59.999,3222117.11649619,2300,37.86386500,1325993.73784763,0
2021-01-06 07:09:00,34997.89000000,35014.00000000,34943.48000000,34943.48000000,128.60155300,2021-01-06 07:09:59.999,4500161.65656391,1440,100.78365100,3526962.39779759,0
2021-01-06 07:10:00,34943.41000000,35000.00000000,34923.02000000,34999.71000000,50.36751600,2021-01-06 07:10:59.999,1761434.43684109,1413,34.41805800,1203833.79181346,0
2021-01-06 07:11:00,34998.78000000,35025.88000000,34991.84000000,35003.26000000,36.81666800,2021-01-06 07:11:59.999,1288931.69229323,937,15.33051800,536698.27038190,0
2021-01-06 07:12:00,35003.26000000,35044.80000000,35001.50000000,35021.93000000,27.40887700,2021-01-06 07:12:59.999,959919.70335730,970,16.64511200,582933.01714674,0
2021-01-06 07:13:00,35021.93000000,35025.81000000,34937.58000000,34956.55000000,56.95497400,2021-01-06 07:13:59.999,1992091.20504454,1427,21.74683600,760490.91180944,0
2021-01-06 07:14:00,34956.55000000,35009.12000000,34944.63000000,34977.75000000,37.25664400,2021-01-06 07:14:59.999,1302894.44527808,1112,22.84703700,799024.90297301,0
2021-01-06 07:15:00,34977.74000000,35010.95000000,34940.73000000,34943.66000000,46.68644700,2021-01-06 07:15:59.999,1632762.09188038,1285,23.01523100,804813.29872128,0
2021-01-06 07:16:00,34944.73000000,34950.53000000,34840.87000000,34844.55000000,77.40221700,2021-01-06 07:16:59.999,2700787.49910362,2009,27.60292200,963336.17355650,0
2021-01-06 07:17:00,34844.88000000,34915.61000000,34828.57000000,34871.55000000,101.83816300,2021-01-06 07:17:59.999,3550493.13491695,1610,48.11083700,1677372.59427362,0
2021-01-06 07:18:00,34874.06000000,34911.59000000,34874.06000000,34875.77000000,43.79369700,2021-01-06 07:18:59.999,1527990.18067665,1064,26.54399900,926126.64936748,0
2021-01-06 07:19:00,34875.77000000,34904.34000000,34868.50000000,34882.44000000,64.32621700,2021-01-06 07:19:59.999,2244186.54146047,1002,43.13370400,1504886.47163180,0
